가맹점명,주소
해미옥,13524) 경기도 성남시 분당구 대왕판교로606번길 41 (삼평동) 지하 1층 B02호
유브유부 판교트라이타워점,13453) 경기도 성남시 수정구 금토로80번길 22 (금토동) 1층 110호
서울미트볼(수내점),13595) 경기도 성남시 분당구 백현로101번길 17 (수내동) 1층 107호
오늘은샐러드,13493) 경기도 성남시 분당구 판교역로 240 (삼평동) 지하 1층
노바,13530) 경기 성남시 분당구 판교역로 145 타워2동 1층 117호 
뚜레쥬르(카페판교역점),13529) 경기도 성남시 분당구 분당내곡로 117 (백현동) 그레이츠판교 1층 106호
화포식당(판교점),13494) 경기도 성남시 분당구 대왕판교로 660 (삼평동) 2층 240호 
노바,"13530) 경기도 성남시 분당구 판교역로 145 (백현동, 알파리움2단지) 1층 117호"
투쿡(정자본점),13558) 경기도 성남시 분당구 성남대로331번길 3-13 (정자동) 108호
일월의 제면소(판교점),13524) 경기도 성남시 분당구 판교역로192번길 14-2 (삼평동) 골드타워 117
양문(판교점),"13494) 경기도 성남시 분당구 대왕판교로 660 (삼평동) 2층 235호(삼평동, 유스페이스1)"
리치앤,"13494) 경기도 성남시 분당구 판교역로 231 (삼평동) ,1층 122호"
소해,13494) 경기도 성남시 분당구 대왕판교로 660 (삼평동) 221호
야금야금,13453) 경기도 성남시 수정구 금토로80번길 51 (금토동) 1층
카페 두레브,13486) 경기도 성남시 분당구 판교로255번길 9-22 (삼평동) 1층 141호
양재정육식당(판교점),13524) 경기도 성남시 분당구 분당내곡로 151 (삼평동) 1층 
조재벌식당,13494) 경기도 성남시 분당구 대왕판교로 670 (삼평동) 2층 224호
브라운돈까스(서현점),13591) 경기도 성남시 분당구 황새울로342번길 11 (서현동) 206호
리치앤,13494) 경기도 성남시 분당구 판교역로 231 (삼평동) 1층 122호
유이타바,13612) 경기도 성남시 분당구 내정로11번길 7 (정자동) 1층
양문(판교점),13494) 경기도 성남시 분당구 대왕판교로 660 (삼평동) 2층
오크베리(판교역점),13529) 경기도 성남시 분당구 분당내곡로 117 (백현동) 1층 101-3호
달콩,13612) 경기도 성남시 분당구 내정로7번길 5-1 (정자동) 1층
신가네 부대찌개,13612) 경기도 성남시 분당구 내정로11번길 11 (정자동) 1층
김명자낙지마당(정자점),13612) 경기도 성남시 분당구 불정로87번길 6 (정자동) 지하 1층
돌판하나,13612) 경기도 성남시 분당구 내정로7번길 8 (정자동) 1층
양재식당(판교점),"13524) 경기도 성남시 분당구 분당내곡로 151 (삼평동)  삼평동, 1층 "
조재벌식당,"13494) 경기도 성남시 분당구 대왕판교로 670 (삼평동) 2층 224호(삼평동, 유스페이스2)"
백청우칼국수,13612) 경기도 성남시 분당구 불정로77번길 4-9 (정자동) 1층
고향집삼계탕_QR,13612) 경기도 성남시 분당구 내정로11번길 13 (정자동) 1층
평안도왕순대(본점)_QR,13612) 경기도 성남시 분당구 내정로7번길 10-1 (정자동) 1층
돌판하나,13612) 경기도 성남시 분당구 내정로7번길 8 (정자동) 1층
함흥미식관,13612) 경기도 성남시 분당구 불정로77번길 15 (정자동) 1층
전주콩뿌리 콩나물국밥,13612) 경기도 성남시 분당구 불정로87번길 18 (정자동) 1층
전원미소,13612) 경기도 성남시 분당구 불정로65번길 3 (정자동) 1층
마린보이코다리1번가(분당정자점),13612) 경기도 성남시 분당구 불정로77번길 10 (정자동) 1층
도담 참숯닭갈비 봉평막국수_QR,13612) 경기도 성남시 분당구 내정로7번길 17 (정자동) 1층
스시생선가게,13612) 경기도 성남시 분당구 불정로77번길 4-6 (정자동) 1층
이디야(분당신기사거리점),13612) 경기도 성남시 분당구 불정로87번길 17
정성죽_QR,13612) 경기도 성남시 분당구 내정로7번길 7 (정자동) 1층
토속정_QR,13612) 경기도 성남시 분당구 내정로11번길 10-3 (정자동) 1층
빙토피아_QR,13612) 경기도 성남시 분당구 불정로65번길 6 (정자동) 1층
카산도(정자본점)_QR,13612) 경기도 성남시 분당구 불정로71번길 2 (정자동) 1층
신가네 부대찌개,13612) 경기도 성남시 분당구 내정로11번길 11 (정자동) 1층
달콩,13612) 경기도 성남시 분당구 내정로7번길 5-1 (정자동) 1층
파스쿠찌(분당KT계원점),13612) 경기도 성남시 분당구 정자동 139-7 파스쿠찌(분당KT계원점) 
란반_QR,13612) 경기도 성남시 분당구 내정로11번길 9 (정자동) 1층
이레스시,13612) 경기도 성남시 분당구 불정로65번길 1 (정자동) 1층
티씨오티씨(TCOTC)_QR,13612) 경기도 성남시 분당구 불정로71번길 4-4 (정자동) 1층
분당곱창_QR,13612) 경기도 성남시 분당구 내정로7번길 15-1 (정자동) 1층
설램,13560) 경기도 성남시 분당구 정자일로 135 (정자동) 디동 1층 106호
준 이자카야 라멘 초(덮)밥,13595) 경기도 성남시 분당구 황새울로200번길 9-7 (수내동) 1층
바나프레소(판교우림W시티점),13486) 경기도 성남시 분당구 판교로255번길 9-22 (삼평동) 1층 113호
제주 하르방 숯불구이,13494) 경기도 성남시 분당구 대왕판교로 660 (삼평동) 2층
파리바게뜨(분당서현점),"13591) 경기도 성남시 분당구 서현로210번길 14 (서현동) 112, 114호(서현동, 유성트윈프라자 2차)"
밥풀(판교파미어스몰점),13449) 경기도 성남시 수정구 창업로 18 (시흥동) (시흥동) 2층 208호
팔선,13558) 경기도 성남시 분당구 느티로 16 (정자동) 201호
정백선순대(분당수내),13595) 경기도 성남시 분당구 황새울로258번길 10-7 (수내동) 1층 101호
콘타이(아브뉴프랑판교점),"13525) 경기도 성남시 분당구 동판교로177번길 25 (삼평동, 판교 호반 써밋 플레이스) 2층 222호"
설램,13560) 경기도 성남시 분당구 정자일로 135 (정자동) 디동 1층 106호
푸에르코(판교점),13529) 경기도 성남시 분당구 분당내곡로 117 (백현동) 201호
옥된장(정자점),"13557) 경기도 성남시 분당구 정자일로 197 (정자동) 111,129호(정자동)"
델리스_QR,"13486) 경기도 성남시 분당구 판교로255번길 9-22 (삼평동) 2층 220호(삼평동, 판교 우림 W-CITY)"
닭갈비야,"13494) 경기도 성남시 분당구 대왕판교로 670 (삼평동) 2동 B층 114호(삼평동, 유스페이스2)"
매머드익스프레스(오리역점),"13637) 경기도 성남시 분당구 성남대로 52,  105호"
문어세상 해천탕(정자역점),"13558) 경기도 성남시 분당구 성남대로331번길 9-9 (정자동) 2층 201호,202호"
썬푸드_QR,13595) 경기도 성남시 분당구 황새울로 216 (수내동) 지하1층 5호실
따띠삼겹(분당휴맥스점)_QR,13595) 경기도 성남시 분당구 황새울로 216 (수내동) 휴맥스빌리지 B1층
비스트로 분당김치찜 본점,"13636) 경기도 성남시 분당구 성남대로 51 (구미동) 1층 102, 103-1호"
화덕생선구이어반(수내역점),13595) 경기도 성남시 분당구 황새울로214번길 8 (수내동) 1층
솔솥(정자점),"13560) 경기도 성남시 분당구 정자일로 135 (정자동)  (정자동) D112, D113"
커스텀커피(판교테크노밸리점),13449) 경기 성남시 수정구 창업로40번길 6 근린생활시설동 지하2층 3호
로스옥 아브뉴프랑판교점,"13525) 경기도 성남시 분당구 동판교로177번길 25 (삼평동, 판교 호반 써밋 플레이스) 129, 130, 131호"
대진도원참치 ,"13524) 경기도 성남시 분당구 판교역로192번길 14-2 (삼평동) 2층 삼평동, 골드타워"
보이차전문점 차향당,13488) 경기도 성남시 분당구 판교로319번길 13 (삼평동) 107호
원그릭_QR,"13591) 경기도 성남시 분당구 황새울로312번길 20 (서현동) 1층(서현동, 분당태성빌딩)"
비스트로 분당김치찜(정자점),13558) 경기도 성남시 분당구 성남대로331번길 13 (정자동) 208호
우드스톤 판교,13453) 경기도 성남시 수정구 금토로80번길 22 (금토동) 113호
고향김치전골_QR,13637) 경기도 성남시 분당구 구미로9번길 13-7 (구미동) 1층
솔밭삼겹살(분당점),"13558) 경기도 성남시 분당구 성남대로331번길 11-15 (정자동)  정자동, 봉우빌딩 1층(정자동) "
파쿠토리,13595) 경기도 성남시 분당구 백현로101번길 13 (수내동) 107~108호(수내동)
유강순대국_QR,13529) 경기도 성남시 분당구 판교역로 136 (백현동) 지하 1층
서프독,"13525) 경기도 성남시 분당구 동판교로177번길 25 (삼평동, 판교 호반 써밋 플레이스) 1층"
정백선순대(판교역점),13525) 경기도 성남시 분당구 대왕판교로606번길 58 (삼평동) 1층 1-67호
판교장어사랑(판교역점),"13524) 경기도 성남시 분당구 대왕판교로606번길 39 (삼평동) 1층 103호, 104호"
여의도미나리삼겹(판교직영점),13524) 경기도 성남시 분당구 대왕판교로606번길 45 (삼평동) 2층 205호
칼수담(성남분당수내역점),13595) 경기도 성남시 분당구 백현로101번길 17 (수내동) 1층 108호
메가MGC커피(판교하이펙스점),"13493) 경기도 성남시 분당구 판교역로 240,  1층 112호(삼평동, 삼환하이펙스A동)"
후토루(판교삼평점)_KIOSK,"13494) 경기도 성남시 분당구 판교역로 231 , 지1층 B128호, B128-1호(삼평동, 에이치스퀘어 에스동)"
애니포(판교점),"13453) 경기도 성남시 수정구 금토로80번길 22 (금토동) 1층 115호(금토동, 트라이타워)"
우본관(정자),13558) 경기도 성남시 분당구 정자일로 158 (정자동) 101호
삼평상회,13494) 경기도 성남시 분당구 판교역로 231 (삼평동) 지하 1층
우림 닭갈비,13486) 경기도 성남시 분당구 판교로255번길 9-22 (삼평동) 2층
두찜(분당백현점),13531) 경기도 성남시 분당구 판교역로 109 (백현동) 1층
맘스터치(수내역점),"13595) 경기도 성남시 분당구 백현로101번길 20 103호,104호"
찰리스버거(수내점),13595) 경기도 성남시 분당구 백현로101번길 13 (수내동) 1층 106호
우주부대찌개,13637) 경기도 성남시 분당구 구미로9번길 25 (구미동) 제1동 제1층 104-2호
179실비,13637) 경기도 성남시 분당구 구미로9번길 17 (구미동) 1층
행복청국장보리밥,"13493) 경기도 성남시 분당구 판교역로 240 (삼평동) 지하1층 B-101호(삼평동,삼환하이펙스A동)"
주식회사 우본관,13558) 경기도 성남시 분당구 정자일로 158 (정자동) 101호
행복청국장보리밥,13493) 경기도 성남시 분당구 판교역로 240 (삼평동) 지하1층 B-101호
한마음 정육식당(판교테크노밸리점),13494) 경기도 성남시 분당구 대왕판교로 660 (삼평동) 1층
판교 인생곱창,13524) 경기도 성남시 분당구 판교역로192번길 16 (삼평동) 1층
타이팔칠(Thai87),13494) 경기도 성남시 분당구 대왕판교로 660 (삼평동) 1층
핸드메이드(판교이노베이션랩점),13453) 경기도 성남시 수정구 금토로80번길 11 (금토동) 근린생활동 지하1층 B109호
뚜레쥬르(분당수내역점),"13595) 경기도 성남시 분당구 백현로101번길 17 (수내동) , 110호(초림프라자)"
페이딤(판교점),13529) 경기도 성남시 분당구 판교역로 152 (백현동) 2층 9호
델리커리(판교파미어스몰점),13449) 경기도 성남시 수정구 창업로 18 (시흥동) 판교파미어스몰 P1동 2층 210-1호
커스텀커피(삼평동점),13494) 경기도 성남시 분당구 대왕판교로 670 1층 121호
텐퍼센트 판교하이펙스점,13493) 경기도 성남시 분당구 판교역로 230 (삼평동)  108호 텐퍼센트
돼지공탕하우(정자점),13560) 경기도 성남시 분당구 정자일로 135 (정자동) 1층
강호식당,13595) 경기도 성남시 분당구 황새울로258번길 10-9 (수내동) 1층
샐러디(판교역점),"13525) 경기도 성남시 분당구 대왕판교로606번길 58 1-20호, 1-29호(삼평동, 판교푸르지오월드마크)"
샐러디(판교카카오점),13529) 경기도 성남시 분당구 판교역로 166 1층
본우리반상(판교H스퀘어점),"13494) 경기도 성남시 분당구 판교역로 231 (삼평동, 에이치스퀘어 에스동) 지하1층 B102호"
카소미야(분당수내점),13595) 경기도 성남시 분당구 황새울로258번길 32 (수내동)  (수내동) 109.110호
메가MGC커피(판교역로점),"13524) 경기도 성남시 분당구 대왕판교로606번길 39 (삼평동, 럭스타워) 메가MGC커피(판교역로점) "
오백국수(판교LH테크노점),"13449) 경기도 성남시 수정구 창업로40번길 6 (시흥동, 판교 제2테크노밸리 LH 1단지) 지2층 7호"
수국정 판교,13493) 경기도 성남시 분당구 판교역로 240 (삼평동) 삼환하이펙스 A동 지하 121호
수국정 판교,13493) 경기도 성남시 분당구 판교역로 240 (삼평동) A동 지하 121호
압구정샌드위치(판교 아브뉴프랑점),"13525) 경기도 성남시 분당구 동판교로177번길 25 (삼평동, 판교 호반 써밋 플레이스) 122-1~2호 (삼평동, 판교 호반 써밋 플레이스)삼평동, 판교 써밋 플레이스)"
텐버거(판교점),13493) 경기도 성남시 분당구 판교역로 240 (삼평동) 지1층 비-110호
베이징스토리(판교점),"13493) 경기도 성남시 분당구 판교역로 230 (삼평동) 1층 120-1, 121호"
한꼬마 김밥_QR,13636) 경기도 성남시 분당구 성남대로 51 (구미동) 1층 117호
프랭크버거(분당오리역점),"13637) 경기도 성남시 분당구 구미로 11,  1층 111호 (구미동, 포인트타운)"
푸가(판교점)_QR,13494) 경기도 성남시 분당구 판교역로 231 (삼평동) 지하 1층 B125호
맘키스포카치아Momkey_KIOSK,13524) 경기 성남시 분당구 판교역로192번길 16 판교타워 101호 
홍대칼국수와족발(판교역점),13524) 경기도 성남시 분당구 대왕판교로606번길 45 (삼평동) 1층 111호
포앤타이(판교우림더블유씨티),13486) 경기도 성남시 분당구 판교로255번길 9-22 (삼평동) 2층
더진국수육국밥(수내역점),"13595) 경기도 성남시 분당구 황새울로200번길 32 (수내동) 1층 102,103호"
이도곰탕(판교직영점),"13525) 경기도 성남시 분당구 동판교로177번길 25 (삼평동, 판교 호반 써밋 플레이스) 205호"
화란(트라이타워점),13453) 경기도 성남시 수정구 금토로80번길 22 (금토동) 2층
커피미학(판교점)_POS,"13525) 경기도 성남시 분당구 동판교로177번길 25 218,219호(상평동)"
더진국수육국밥(수내역점),"13595) 경기도 성남시 분당구 황새울로200번길 32 (수내동) 1층 102,103호"
뉴욕 전기구이,13493) 경기도 성남시 분당구 판교역로 240 (삼평동) 1층 122호
이소정카츠(판교점),13494) 경기도 성남시 분당구 판교역로 231 (삼평동) 에스동 지하1층 B110호
장수본가해장국(수내직영점),13595) 경기도 성남시 분당구 황새울로258번길 42 (수내동) 1층
프롬 온앤오프,13493) 경기도 성남시 분당구 판교역로 240 (삼평동) B111호
블리스버거(판교점),13486) 경기도 성남시 분당구 판교로255번길 9-22 (삼평동) 지하1층 B113호
매취랑(수내점),13595) 경기도 성남시 분당구 백현로101번길 30 (수내동) 1층 105호
우동키노야(판교파미어스몰점),13449) 경기도 성남시 수정구 창업로 17 (시흥동) D동 2층 207-2호
이춘명숙성회(분당정자역점),13558) 경기도 성남시 분당구 정자일로 162 (정자동) 1층 101호
주니아(판교it센터점),"13449) 경기도 성남시 수정구 창업로40번길 30 (시흥동) B208,B209"
일도씨닭갈비(판교점),13529) 경기도 성남시 분당구 분당내곡로 117 (백현동)  그레이츠판교 지하1층
감성커피(판교우림W시티점),13486) 경기도 성남시 분당구 판교로255번길 9-22 (삼평동) 1층
빽다방(판교삼환하이펙스점),"13493) 경기 성남시 분당구 판교역로 230 B동 113호,112(일부)호"
메이크어케이크(아브뉴프랑판교점)_QR,"13525) 경기도 성남시 분당구 동판교로177번길 25 (삼평동, 판교 호반 써밋 플레이스) 1층 151호"
CU(판교H스퀘어2호점),"13494) 경기도 성남시 분당구 판교역로 231, 비124호(상평동, 에이치스퀘어에스동) "
하림FS(세미플렉스타워점),13486) 경기도 성남시 분당구 판교로 255번길 9-22 판교우림 W-CITY 903-1호
엔커피(센트럴판교점)_KIOSK,"12789) 경기도 성남시 수정구 금토로80번길 55 , 1층 101호,102호"
주식회사 메케_QR,13550) 경기도 성남시 분당구 대왕판교로 334 (궁내동) 1층
메이크어케이크_QR,13535) 경기도 성남시 분당구 동판교로52번길 21-6 (백현동) 1층
에프와이에스디_QR,13529) 경기도 성남시 분당구 판교역로 166 (백현동) 1층 유닛9-2
토브나인(tov9),"13446) 경기도 성남시 수정구 사송로 56 (사송동) 1층, 2층"
M포티투닷 B동카페,13449) 경기도 성남시 수정구 창업로40번길 20 SW드림센터 M포티투닷 B동카페
디저트39(판교알파돔점),"13530) 경기도 성남시 분당구 대왕판교로606번길 10 (백현동, 알파리움1단지) 타워1동 2층 228호"
디저트39(판교알파돔점),"13530) 경기도 성남시 분당구 대왕판교로606번길 10 (백현동, 알파리움1단지) 타워1동 2층 228호(백현동,알파리움1단지)"
려원쭈꾸미볶음,13486) 경기도 성남시 분당구 판교로255번길 9-22 (삼평동) 지하1층
려원쭈꾸미볶음,13486) 경기도 성남시 분당구 판교로255번길 9-22 (삼평동) 지하 1층
한스케익(아브뉴프랑점),13525) 경기도 성남시 분당구 동판교로 177번길 25 104호 
더피크닉,13494) 경기도 성남시 분당구 대왕판교로 660 (삼평동) A동 130호
블루샥(판교우림W시티점),13486) 경기도 성남시 분당구 판교로255번길 9-22 (삼평동) 1층
더벤티(판교하이펙스점),13493) 경기 성남시 분당구 판교역로 230 B동 1층 109호 
델리쉬베이글,13559) 경기도 성남시 분당구 정자일로 132 (정자동) 엠코헤리츠 4단지 1층 D105호 
씨티치킨앤펍,13559) 경기도 성남시 분당구 정자일로 132 (정자동) 엠코헤리츠 4단지 1층 D104호 
엠브로돈까스(분당수내점)_QR,13595) 경기도 성남시 분당구 황새울로258번길 10-9 (수내동) 2층 201호 
엠브로돈까스(분당수내점),13595) 경기도 성남시 분당구 황새울로258번길 10-9 (수내동) 2층 201호 
백소정(판교제2테크노밸리점)_KIOSK,"13449) 경기도 성남시 수정구 창업로 43 ,1층 A-105호(시흥동,판교글로벌비즈센터) "
마포갈비,13595) 경기도 성남시 분당구 수내로46번길 11 (수내동) 113호 
카페핸드메이드(판교5호점),13494) 경기도 성남시 분당구 대왕판교로 670 (삼평동) 유스페이스2 B동 1층 120호 
맛있는천국,13636) 경기도 성남시 분당구 성남대로 51 (구미동) 1층 127호 
판교육담,"13530) 경기도 성남시 분당구 대왕판교로606번길 10 (백현동, 알파리움1단지)  1층 105호, 106호"
쌉(SAAP) 판교테크원,13529) 경기도 성남시 분당구 분당내곡로 131 (백현동) 2층 
샐러드박스(판교H스퀘어점),13494) 경기도 성남시 분당구 판교역로 231 (삼평동) S동 지하 1층 106호 
우슴(판교점),"13524) 경기도 성남시 분당구 대왕판교로606번길 31 (삼평동) 105,106,107호 "
브라운버터_QR,13486) 경기도 성남시 분당구 판교로227번길 6 (삼평동) 1층 
판교집(수내직영점),13595) 경기도 성남시 분당구 백현로101번길 16 (수내동) 1층 102호 
옥된장(분당수내점),"13595) 경기도 성남시 분당구 백현로101번길 16 (수내동) 1층 104호, 105호 "
컴포즈커피(분당정자두산타워점),"13558) 경기도 성남시 분당구 정자일로 158 1층 103호(정자동, 백궁프라자2) "
랑데자뷰(오리점),"13636) 경기도 성남시 분당구 탄천상로151번길 20 (구미동) 20, 1층 랑데자뷰"
엘까르니따스(판교점),"13530) 경기도 성남시 분당구 판교역로 145 (백현동, 알파리움2단지) 라스트리트 2동 2층"
샐러드박스(판교H스퀘어점),13494) 경기도 성남시 분당구 판교역로 231 (삼평동) S동 지하1층 106호
쌉(SAAP) 판교테크원,13529) 경기도 성남시 분당구 분당내곡로 131 (백현동) 2층 일부호(백현동) 
육회한 김스지,13494) 경기도 성남시 분당구 대왕판교로 660 (삼평동) 1층 
양파식당_QR,13595) 경기도 성남시 분당구 황새울로 216 (수내동) 지하 1층
버터루_QR,13486) 경기도 성남시 분당구 판교로255번길 9-22 (삼평동) 126호 버터루 
써브웨이(분당수내점),13595) 경기도 성남시 분당구 백현로101번길 21 (수내동) 1층 써브웨이 
막창막장,13494) 경기도 성남시 분당구 대왕판교로 660 (삼평동) 2층234호 
커피나인 판교제2테크노밸리,13449) 경기도 성남시 수정구 창업로 55 (시흥동) 106호 
비니투스판교,"13525) 경기도 성남시 분당구 동판교로177번길 25 (삼평동, 판교 호반 써밋 플레이스) 230호 "
담북김밥,13486) 경기 성남시 분당구 판교로255번길 9-22 판교 우림 W-CITY 114호
왓더버거(수내역점),13595) 경기도 성남시 분당구 황새울로258번길 10-7 (수내동) 1층 106호 
탄탄면공방(분당수내점),13595) 경기도 성남시 분당구 백현로101번길 17 (수내동) 1층 105호 
면계옥(수내본점),13595) 경기도 성남시 분당구 황새울로200번길 9-7 (수내동) 1층 101-2호 
감성커피(판교H스퀘어점),13494) 경기도 성남시 분당구 판교역로 231 (삼평동) 1층 
롱웨이브커피_KIOSK,"13493) 경기도 성남시 분당구 판교역로 240 , 삼환하이펙스A동 1층 114호"
바이브커피,13494) 경기도 성남시 분당구 대왕판교로 670 (삼평동) 110호 
붓처스컷(판교점),"13525) 경기도 성남시 분당구 동판교로177번길 25 (삼평동, 판교 호반 써밋 플레이스) 2층 "
진부엉이꼬마김밥,13494) 경기도 성남시 분당구 판교역로241번길 22 (삼평동) 1층 118호 
돈몽,"13530) 경기도 성남시 분당구 판교역로 145 (백현동, 알파리움2단지) 타워2동 106호, 107호 "
커리146_QR,13595) 경기도 성남시 분당구 황새울로 216 (수내동) 지하 1층 
롱웨이브커피,13493) 경기도 성남시 분당구 판교역로 240 (삼평동) A동 114호 
돈까스에 미친 김밥,13486) 경기도 성남시 분당구 판교로255번길 9-22 (삼평동) 1층 
상기육개장,13536) 경기도 성남시 분당구 판교역로2번길 34 (백현동) 상기육개장 
베이커리차차,13558) 경기도 성남시 분당구 느티로 22 (정자동) 101호 베이커리차차 
커피빈(서현역점),13591) 경기도 성남시 분당구 황새울로360번길 27 센터포인트 서현 1층 커피빈(서현역점) 
윈썸커피,13493) 경기도 성남시 분당구 판교역로 240 (삼평동) 1층 119호 
오지(OG)버거 판교1호점,13449) 경기도 성남시 수정구 창업로 17 (시흥동) B동 1층 102-1호 
다께야(수내역점),13595) 경기도 성남시 분당구 황새울로200번길 22 (수내동) 1층 
바름(수내역점),13595) 경기도 성남시 분당구 수내로46번길 11 (수내동) 1층 
토호,13488) 경기도 성남시 분당구 판교로319번길 13 (삼평동) 지하층B104호 
슬로우캘리(오리역점),13637) 경기 성남시 분당구 성남대로 34 1층 104호 
돈블랑(판교점),"13530) 경기도 성남시 분당구 대왕판교로606번길 10 (백현동, 알파리움1단지) 1층 "
디엣테이블,13493) 경기도 성남시 분당구 판교역로 240 (삼평동) 지하 1층 
논산집,"13488) 경기도 성남시 분당구 판교로319번길 14 (삼평동, 성남판교 경기행복주택) 상가동 1층 1호(삼평동,성남판교 경기행복주택) "
먹보집,13595) 경기도 성남시 분당구 황새울로258번길 32 (수내동) 2층 
하동곰탕(화수분),13493) 경기도 성남시 분당구 판교역로 230 (삼평동) 지하 1층 
청담보리가_QR,13524) 경기도 성남시 분당구 대왕판교로606번길 45 (삼평동) 2층 리파인 
차엔 프리미엄,"13494) 경기도 성남시 분당구 대왕판교로 660 (삼평동) 지하1층 비104,105호(삼평동,유스페이스1) "
정원,"13486) 경기도 성남시 분당구 판교로255번길 9-22 (삼평동) 1층 110-1,110-2호 "
계란집_QR,"13493) 경기도 성남시 분당구 판교역로 230 (삼평동) , B동 지하1층 B-107호(삼평동,삼환하이펙스) "
강순자옛맛김치찌개(수내점),13595) 경기도 성남시 분당구 황새울로200번길 9-7 (수내동) 1층 101-1호 
1992덮밥&짜글이(판교파미어스몰점)_KIOSK,13449) 경기 성남시 수정구 창업로 17 A동 2층 203-2호 
미소집,13595) 경기도 성남시 분당구 황새울로200번길 9-7 (수내동) 현대판테온 오피스텔 1층 미소집 
반포식스(판교역점),13524) 경기도 성남시 분당구 판교역로192번길 12 (삼평동) 2층 
세븐일레븐(오리역점),463870) 경기도 성남시 분당구 성남대로 383
GS25(분당오리역점),13636) 경기도 성남시 분당구 구미동 158하나이지타워1층107호 
GS25(분당포스빌점),13636) 경기도 성남시 분당구 구미동 156번지 분당포스빌오피스텔 101호 
메가MGC커피 (오리역점),"13637) 경기도 성남시 분당구 성남대로 38 , 케이엔에프코퍼레이션 1층 101호 (구미동) "
손에손잡고(판교직영점)_POS,"13524) 경기 성남 분당구 대왕판교로606번길 47 , 1층 102호"
파파존스(판교2테크노밸리점),13449) 경기도 성남시 수정구 창업로 17 (시흥동) 판교아이스퀘어 F동 B102호 파파존스
오장동흥남집(판교점),"13525) 경기도 성남시 분당구 동판교로177번길 25 (삼평동, 판교 호반 써밋 플레이스)  (삼평동, 판교 호반 써밋 플레이스) 106호 "
북창동순두부(판교파미어스몰점),13449) 경기도 성남시 수정구 창업로 18 (시흥동) P1동 209호 
빤닭빤닭(판교점),13449) 경기도 성남시 수정구 창업로 18 (시흥동) C1동 1층 117호 
카츠쇼신,"13525) 경기도 성남시 분당구 동판교로177번길 25 2층 204호(삼평동, 판교 호반 써밋 플레이스) "
메가MGC커피(판교위너스점),13453) 경기도 성남시 수정구 금토로80번길 51 (금토동) 메가엠지씨커피 판교위너스점 
주식회사 한상_QR,"13524) 경기도 성남시 분당구 판교역로 180 (삼평동) 1층 104,107~109호(삼평동,알파타워) "
바디쉐프(판교점),13449) 경기도 성남시 수정구 창업로 17 (시흥동) B동 3층 301-3호 
버거옥(판교역점),13529) 경기도 성남시 분당구 판교역로 138 (백현동) 1층 
샐러디(판교도시첨단점),13453) 경기도 성남시 수정구 금토로80번길 51 1층 105호 
판교 제일 순대국,13449) 경기도 성남시 수정구 창업로 43 (시흥동) B동 108호 
차엔,"13494) 경기도 성남시 분당구 판교역로 235 (삼평동) N동 1층 126호(삼평동,에이치스퀘어) "
느루집(판교아브뉴프랑점),"13525) 경기도 성남시 분당구 동판교로177번길 25 (삼평동, 판교 호반 써밋 플레이스) 2층 208호 "
소소떡볶이(분당수내점)_KIOSK,"13597) 경기 성남시 분당구 내정로165번길 50 ,1층110호(수내동,크리스탈빌딩)"
송도갈비천지연(판교브릿지타워점),13486) 경기도 성남시 분당구 판교로227번길 6 (삼평동) 1층 
런치포유_QR,13449) 경기도 성남시 수정구 창업로 43 (시흥동) B-110~112호 
패티바이번(판교알파돔타워점),13529) 경기도 성남시 분당구 판교역로 152 (백현동) 1층 패티바이번 
옥소반(판교역점),"13525) 경기도 성남시 분당구 대왕판교로606번길 58 1층 1-80, 1-81호 "
예술 작품을 빚다 비즐 ,13494) 경기도 성남시 분당구 판교역로 231 (삼평동) H스퀘어 S동 1층 126호 
핸드메이드,13494) 경기도 성남시 분당구 대왕판교로 660 (삼평동) 지하1층 B117호 
스시혼,"13525) 경기도 성남시 분당구 동판교로177번길 25 (삼평동, 판교 호반 써밋 플레이스) 1층137호 "
이치규 아브뉴프랑(판교점),"13525) 경기도 성남시 분당구 동판교로177번길 25 (삼평동, 판교 호반 써밋 플레이스) 2층 220호 "
런치스토리_QR,"13486) 경기도 성남시 분당구 판교로255번길 9-22 (삼평동) , B101호 일부 B102호(삼편동,우림W시티) "
죠죠 판교아브뉴프랑점_QR,"13525) 경기도 성남시 분당구 동판교로177번길 25 (삼평동, 판교 호반 써밋 플레이스) , 2층 223호(삼평동,판교 호반 써밋 플레이스) "
센터간식_QR,13211) 경기도 성남시 중원구 사기막골로62번길 33 (상대원동) (상대원동) 지하1층 RB104호
마케집,"13494) 경기도 성남시 분당구 대왕판교로 660 (삼평동) ,지하1층 B110~111호(삼평동, 유스페이스) "
"건강해, 샐러드_KIOSK","13486) 경기 성남시 분당구 판교로255번길 9-22, 2층 222호 "
"건강해, 샐러드",13486) 경기도 성남시 분당구 판교로255번길 9-22 (삼평동) 2층 
스테이키(분당정자점),13558) 경기도 성남시 분당구 정자일로 158 1층 112호 
이경진우렁쌈밥정식(정자점),"13558) 경기도 성남시 분당구 정자일로 158 정자동, 백궁프라자2, 2층205호 "
카페 마이티,"13558) 경기 성남시 분당구 정자로 13 109호 일부호(정자동, 월드비터빌딩) "
매머드익스프레스(분당두산타워점),"13558) 경기도 성남시 분당구 정자일로 158, 1층 107호 "
서혜커피_QR,13558) 경기도 성남시 분당구 정자일로156번길 6 뉴본타워 1층 
우마블,"13557) 경기도 성남시 분당구 정자일로 135, D동 1층 101호,102호(정자동3차 푸르지오 시티)"
브루클린더버거조인트(판교점),13529) 경기도 성남시 분당구 판교역로 166 (백현동) 1층 15호(백현동) 
북청집(2호점),13486) 경기도 성남시 분당구 판교로255번길 9-22 (삼평동) 지하1층 
그랑샌드,13529) 경기도 성남시 분당구 판교역로 136 (백현동) 그린존  B1111호 (힐스테이트판교역) 
명백집(분당점)_QR,13590) 경기도 성남시 분당구 황새울로 307 (서현동) 103호 
스시가오,13486) 경기도 성남시 분당구 판교로255번길 9-22 (삼평동) 2층 
커피커피커피_QR,13525) 경기도 성남시 분당구 대왕판교로606번길 58 (삼평동) 1층 1-25 커피커피커피 
(주)석문어판교역점,"13524) 경기도 성남시 분당구 판교역로192번길 22 (삼평동) 1층 102호, 103호"
솔솥(판교점),"13530) 경기도 성남시 분당구 대왕판교로606번길 10 (백현동, 알파리움1단지) 1층 "
본가광양불고기,13486) 경기도 성남시 분당구 판교로255번길 9-22 (삼평동) 2층 
오복수산(판교점),13529) 경기도 성남시 분당구 분당내곡로 131 (백현동) 2층 (백현동) 
헤이준쌀국수 판교알파돔점,13529) 경기도 성남시 분당구 판교역로 152 2층 10호
해우리(판교점),"13530) 경기 성남시 분당구 판교역로 145 백현동, 알파리움2단지 지하1층 122호외 "
마리앤마사(판교점),13488) 경기도 성남시 분당구 판교로319번길 13 삼평동 
동해강릉초당짬뽕순두부(파미어스몰점),13449) 경기 성남시 수정구 창업로 17 E동 206-2호 
뽀짜이빤,13557) 경기 성남시 분당구 정자동 16-2  108호 
(주)엔바이콘 왕스덕,13487) 경기도 성남시 분당구 대왕판교로645번길 36
오디너리 벗 써니컵케이크,"13530) 경기 성남시 분당구 대왕판교로606번길 10 백현동, 알파리움1단지 1층 111호 "
본죽&비빔밥cafe(판교역점),13524) 경기도 성남시 분당구 대왕판교로606번길 31
이에스에프피(ESFP)_QR,13449) 경기도 성남시 수정구 창업로 43 (시흥동) A동 1층 101호 
바삭돈카츠(서현점),"13591) 경기도 성남시 분당구 분당로53번길 14 (서현동) 1층(109호, 110호, 111호) "
행복한집숯불갈비,13494) 경기도 성남시 분당구 대왕판교로 670 2층 205호(삼평동) 
옛날그집,13493) 경기도 성남시 분당구 삼평동 678 A동B108호
해미옥(분당정자점),"13558) 경기도 성남시 분당구 성남대로331번길 7 2층 203호(정자동, 정자스타빌딩)"
문막집,"13494) 경기 성남시 분당구 대왕판교로 660, 1층 128호 삼평동, 유스페이스1 "
보배반점(판교테크노밸리점),13493) 경기도 성남시 분당구 판교역로 240 삼환하이펙스A동 128호 1층 
락앤웍,13494) 경기 성남시 분당구 판교역로 231 삼평동 에이치스퀘어 에스동 B107호 
홍콩반점(분당수내점),463825) 경기도 성남시 분당구 백현로101번길 16 대덕프라자 2층
풍경한식뷔페_QR,"13449) 경기도 성남시 수정구 창업로 42 (시흥동) 1층 114호, 115호, 116호"
훅트포케(판교점),13530) 경기도 성남시 분당구 판교역로 145 2층 224호 
이야기둘,13488) 경기도 성남시 분당구 판교로319번길 13 삼평동 113호 
엠에스생감자치킨_KIOSK,12345) 경기도 성남시 분당구 판교역로 230 (삼평동) 삼환하이펙스B동 103호 
크레스타운(판교점),"13524) 경기도 성남시 분당구 판교역로192번길 12 1층 105호,106호 "
아워홈(분당두산타워_C코너점),"13557) 경기도 성남시 분당구 정자일로 155, 지하1층, 지상7층 (정자동,분당두산타원) "
매드포갈릭 (판교라스트리트점),"13530) 경기도 성남시 분당구 대왕판교로606번길 10 백현동, 알파리움1단지, 2층 "
라운지엑스(두산분당센터점),13557) 경기도 성남시 분당구 정자일로 155 분당두산타워 1층
닥터로빈 시그니쳐(판교점),"13525) 경기 성남시 분당구 동판교로177번길 25 삼평동, 판교 호반 써밋 플레이스, 1층 "
유브유부(테크원점),13529) 경기도 성남시 분당구 분당내곡로 131 판교테크원타워 지하1층 
옵션스페셜티커피(판교우림더블유시티점),13486) 경기도 성남시 분당구 판교로255번길 9-22 (삼평동) 1층 142호 
아워홈(분당두산타워_B코너점),"13557) 경기도 성남시 분당구 정자일로 155, 지하1층, 지상7층 (정자동,분당두산타원) "
풀무원(인터파크 사내식당 B),13453) 경기 성남시 수정구 금토로 70 텐엑스타워 
양재식당(판교점),"13524) 경기 성남시 분당구 분당내곡로 151 삼평동, 1층 "
본우리반상(판교우림W시티점),"13486) 경기도 성남시 분당구 판교로255번길 9-22 (삼평동, 판교 우림 W-CITY) 2층 "
투고샐러드(판교유스페이스점),"13494) 경기도 성남시 분당구 대왕판교로 660 2층 230호(삼평동, 유스페이스1) "
빽다방(판교역점),13524) 경기도 성남시 분당구 대왕판교로606번길 31 104호(삼평동) 
아워홈(분당두산타워_A코너점),"13557) 경기도 성남시 분당구 정자일로 155, 지하1층, 지상7층 (정자동,분당두산타원) "
뚜레쥬르(판교파미어스몰점),13449) 경기도 성남시 수정구 창업로 17 (시흥동) 파미어스몰 103-2 
밥이랑커피랑,"13530) 경기 성남시 분당구 판교역로 145 백현동, 알파리움2단지, 지하1층 "
송추가마골인어반(판교점),"13530) 경기 성남시 분당구 판교역로 145 백현동, 알파리움2단지 "
하림(판교벤처밸리B),54517) 경기도 성남시 분당구 판교로228번길 15
JVL부대찌개(판교아이스퀘어점),13449) 경기도 성남시 수정구 창업로 17 (시흥동) 2층 206-3호 
"1,2,3 카페",13558) 경기 성남시 분당구 정자로 13 101호(정자동) 
람바다,"13524) 경기 성남시 분당구 판교역로 184 2층, 202호 (삼평동 JS타워) "
띠아모플라워&커피데이,"13530) 경기도 성남시 분당구 대왕판교로606번길 10 110호 (백현동, 알파리움1단지) "
닭갈비야(판교점),12345) 경기도 성남시 분당구 대왕판교로 670 B동 지하1층 114호
일로집(판교직영점),"13524) 경기 성남시 분당구 판교역로192번길 14-1, 1층 105호 (삼평동, 판교예미지) "
삼산회관(판교유스페이스점),"13494) 경기 성남시 분당구 대왕판교로 660, 지하1층 삼평동, 유스페이스1 "
역전우동0410(판교역점),13524) 경기 성남시 분당구 대왕판교로606번길 31 1층 102호(삼평동) 
데이롱카페(분당두산타워점)_KIOSK,"13557) 경기도 성남시 분당구 정자일로 155 , 24층 일부호(분당두산타워) "
아티제(판교알파리움점),"13530) 경기도 성남시 분당구 대왕판교로606번길 10 백현동, 알파리움1단지 라 스트리트 1동 1F 101호,102호"
양우양꼬치 점심뷔페(순수유통),"13494) 경기 성남시 분당구 대왕판교로 660 삼평동, 유스페이스1 "
일리에 콩브레,"13558) 경기 성남시 분당구 느티로 22 정자동, 백궁동양파라곤 "
(주)엔바이콘 용가리치킨,13487) 경기 성남시 분당구 대왕판교로645번길 36 삼평동 1층
투썸플레이스(판교만도점),13486) 경기도 성남시 분당구 판교로255번길 21 (삼평동) 1층 
김치도가(판교테크노밸리점),13494) 경기도 성남시 분당구 판교역로 240 삼환하이펙스A동 B104
할리스커피(동판교M타워점),"13494) 경기도 성남시 분당구 판교역로241번길 22, 1층 할리스커피 동판교M타워점 "
동촌칼국수,51357) 경남 창원시 마산회원구 합성남 3길39 마산합성동 터미널 뒤편
스마일쿡,"13494) 경기 성남시 분당구 판교역로 231 삼평동, 에이치스퀘어 에스동 B1 112호 "
진차이객잔,13494) 경기도 성남시 분당구 대왕판교로 660 B-128호 유스페이스1
이가네양꼬치(판교본점),"13524) 경기 성남시 분당구 분당내곡로 155 삼평동, 1층 "
홍호아(판교점)_KIOSK,13494) 경기 성남시 분당구 판교역로 231 H스퀘어 S동 B1층 114호(삼평동)
백소정(판교점),"13493) 경기도 성남시 분당구 판교역로 240 109, 110호(삼평동, 삼환하이펙스A동) "
모랑해물솥밥(정자역점),13557) 경기 성남시 분당구 정자일로 197 정자동 
섬맛의공방((주)아일랜드홀딩스),"13530) 경기도 성남시 분당구 대왕판교로606번길 10 타워 1동 132호, 138호(백현동, 알파리움1단지)"
삼김화로구이_QR,"13558) 경기도 성남시 분당구 느티로 16 (정자동) 2층 206호, 207호, 208호 "
봉추찜닭(판교테크노밸리점),"13494) 경기도 성남시 분당구 대왕판교로 670 (삼평동, 유스페이스2)  219호 "
자연횟집(판교점),"13494) 경기도 성남시 분당구 판교역로 235, 1층 삼평동, 에이치스퀘어 엔동 "
아워홈(분당두산타워_D코너점),"13557) 경기도 성남시 분당구 정자일로 155, 지하1층, 지상7층 (정자동,분당두산타원) "
(주)엔바이콘 순우가,13487) 경기도 성남시 분당구 대왕판교로645번길 36
까몬(판교아브뉴프랑점),"13525) 경기도 성남시 분당구 동판교로177번길 25 1층 101호, 102호(삼평동, 판교 호반 써밋 플레이스) "
고고스판교 (GOGOS),"13530) 경기도 성남시 분당구 판교역로 145, 1층, 119, 120호"
블루포트(경기창조경제혁신센터점),13487) 경기도 성남시 분당구 대왕판교로645번길 12  1층 일부(삼평동) 
슈퍼타이(판교테크노벨리점),"13488) 경기 성남시 분당구 판교로319번길 13 1층 115호(삼평동, 디테라스) "
판교한방삼계탕,"13529) 경기도 성남시 분당구 판교역로 152 지하1층 B1-7호 B1-8호(백현동, 알파돔타워)"
신라마라탕(판교점),"13494) 경기도 성남시 분당구 판교역로 231 삼평동, 에이치스퀘어 에스동 "
만랩커피(판교알파돔시티점),13530) 경기도 성남시 분당구 판교역로 145 1층 124호 
차고145,"13530) 경기 성남시 분당구 판교역로 145 백현동, 알파리움2단지 1층 108호 "
탕탕가,"13558) 경기도 성남시 분당구 정자일로 158 정자동, 백궁프라자2,2층205호 "
춘업순대국과 0627 부대찌개,12373) 경기도 성남시 분당구 판교로255번길 9-22 (삼평동) 우림W city 215 호 
삼성웰스토리(주)코리아벤쳐타운,13493) 경기도 성남시 분당구 대왕판교로644번길 49 코리아벤처타운
배키욘방(판교직영점)_KIOSK,"13530) 경기 성남시 분당구 대왕판교로606번길 10 1층 129호, 130호, 131호 알파리움1단지 "
이백소면,"13524) 경기도 성남시 분당구 대왕판교로606번길 31 삼평동, 1층 "
옥된장(오리점),"13637) 경기도 성남시 분당구 구미로9번길 3-10 1층 101호, 102호(구미동, 글로리타워) "
육대장(판교점),13493) 경기도 성남시 분당구 판교역로 230
울프스덴,13494) 경기도 성남시 분당구 대왕판교로 660 215호 유스페이스1
사위식당(판교점),"13529) 경기 성남시 분당구 판교역로 152 백현동, 알파돔타워, 2층 "
린지커피라운지_QR,13449) 경기도 성남시 수정구 창업로 43 (시흥동) 1층 A-102호 
하파 (판교점),"13530) 경기 성남시 분당구 판교역로 145 백현동, 알파리움2단지, 2층 204,205호 "
신전떡볶이(서현점),"13591) 경기 성남시 분당구 분당로53번길 21, 202호 서현동, 산호프라자 "
맥도날드(판교테크노밸리점),13494) 경기도 성남시 분당구 판교역로 231 (삼평동) 맥도날드(판교테크노밸리) 
토속상황삼계탕,13494) 경기도 성남시 분당구 대왕판교로 670 225호 유스페이스2
하루엔소쿠(판교점),13449) 경기 성남시 수정구 창업로 42 제2테크노밸리 1층 121호 돈까스 맛집 하루엔소쿠 
에스이커피(유스페이스점),"13494) 경기 성남시 분당구 대왕판교로 670, 1층 118호 삼평동, 유스페이스2 "
(주)엔바이콘 혼키라멘,13487) 경기도 성남시 분당구 대왕판교로645번길 36
랩타임(판교테크노밸리점),13493) 경기 성남시 분당구 판교역로 230 삼평동
덕후선생(판교),"13525) 경기 성남시 분당구 동판교로177번길 25 삼평동, 판교 호반 써밋 플레이스 2층 233-2호, 234호, 235호"
맥도날드(동판교점),13525) 경기도 성남시 분당구 대왕판교로606번길 58 (삼평동) 맥도날드(동판교) 
주식회사 딜라잇,"13493) 경기 성남시 분당구 대왕판교로644번길 49 지하2층 (삼평동, 한컴타워) "
코이라멘(판교점),"13493) 경기도 성남시 분당구 판교역로 230 B동 지하층 B113호(삼평동,삼환하이펙스) "
헤비스테이크(판교테크노밸리점),"13494) 경기 성남시 분당구 판교역로 231, 1층 107호 삼평동, 에이치스퀘어 에스동 "
목포명가 판교점,"13524) 경기도 성남시 분당구 분당내곡로 159 (삼평동) 에이동 113, 114호"
카페킹스가든,13493) 경기도 성남시 분당구 판교역로 230 (삼평동) B동 107호 
카페버니,13524) 경기도 성남시 분당구 판교역로192번길 16 (삼평동) 1층 115호
미미순대국,"13637) 경기도 성남시 분당구 구미로9번길 8 (구미동, 세종그랑시아｜) 103호 "
샤브촌by계백집(판교점),"13530) 경기도 성남시 분당구 대왕판교로606번길 10 (백현동, 알파리움1단지) 217~218호(백현동, 알파리움 제타워1동) "
소바니우동,13494) 경기도 성남시 분당구 대왕판교로 660 (삼평동) 지하1층 b동122호 
평안_QR,13493) 경기도 성남시 분당구 판교역로 240 (삼평동) a동 b1 26-1 호  평안 
플링크 판교,13529) 경기도 성남시 분당구 판교역로 166 (백현동) 1층 12호 
위칭아워 2호점,13529) 경기도 성남시 분당구 판교역로 136 (백현동) 지하2층 B2056호
하나샤브샤브(판교점),"13525) 경기도 성남시 분당구 동판교로177번길 25 (삼평동, 판교 호반 써밋 플레이스) 2층 210호,211호 "
더 타코부스 분당판교역점,13525) 경기도 성남시 분당구 대왕판교로606번길 58 (삼평동) 1층 65호 
권오덕스시(오리역본점),13637) 경기도 성남시 분당구 구미로9번길 25 (구미동) 103-2호 
등촌샤브칼국수(판교대장점),13544) 경기도 성남시 분당구 판교대장로7길 6-19 (대장동) 1층 
카페 루시에,"13594) 경기도 성남시 분당구 수내로 39 (수내동, 분당지웰푸르지오) 1층 119-2호 카페루시에 "
찬,13494) 경기도 성남시 분당구 대왕판교로 660 (삼평동) B동 157호158호 
커피나인(판교삼환하이펙스점),13493) 경기도 성남시 분당구 판교역로 230 (삼평동) 삼환하이펙스 B동 1층 102호 
카페소시올로지,"13530) 경기도 성남시 분당구 판교역로 145 (백현동, 알파리움2단지) 알파리움2타워 1층 104호 "
옵션스페셜티커피(판교유스페이스점),13494) 경기도 성남시 분당구 대왕판교로 670 (삼평동) B동 1층 111호 
리듬앤버거,13524) 경기도 성남시 분당구 판교역로192번길 14-2 (삼평동) 2층 12호
찌개주는 낭만불백,"13486) 경기도 성남시 분당구 판교로255번길 9-22 (삼평동, 판교 우림 W-CITY) 2층 225호소호면가 "
더베이글마켓,13529) 경기도 성남시 분당구 판교역로 136 (백현동) 1032호 
아이가사,13524) 경기도 성남시 분당구 판교역로192번길 22 (삼평동) 118호 아이가사 
하즈벤(판교역)_QR,13529) 경기도 성남시 분당구 판교역로 136 (백현동) 1층 1002호 
명동칼국수 샤브샤브 판교테크노밸리점,"13494) 경기도 성남시 분당구 판교역로 231 (삼평동) 지하1층 B131호, B132호(에이치스퀘어 에스동)"
아방베이커리 소호 판교 카카오점,13529) 경기도 성남시 분당구 판교역로 166 (백현동) 1층 3호
어글리버터_QR,13493) 경기도 성남시 분당구 판교역로 230 (삼평동) 삼환하이펙스 B동 123호
새마을식당(판교점),13494) 경기도 성남시 분당구 대왕판교로 670 (삼평동) 215호
풍천숯불재벌장어,13494) 경기도 성남시 분당구 대왕판교로 660 유스페이스1 103-1호
이가네양파이(판교점),"13530) 경기도 성남시 분당구 판교역로 145 백현동, 알파리움2단지 1층 "
쿠차라(판교카카오점),13529) 경기도 성남시 분당구 판교역로 166 카카오 1층9호 
스타벅스(판교역로점),13524) 경기도 성남시 분당구 삼평동 663 리치투게더센터 1~2층 
스타벅스(판교HIPEX점),13493) 경기도 성남시 분당구 삼평동 679번지 판교 삼환 HIPEX 
스타벅스(판교H스퀘어점),13494) 경기도 성남시 분당구 삼평동 680번지 H스퀘어 
스타벅스(정자상떼뷰점),13556) 경기도 성남시 분당구 정자동 12-2 성원상떼뷰리젠시 201-101 
스타벅스(수진역점),13345) 경기도 성남시 수정구 신흥동 6910 일문파이낸스빌딩 1층 일부 
스타벅스(판교역힐스테이트점),"13529) 경기도 성남시 분당구 백현동 540,  판교힐테이트 1092~1095호 "
스타벅스(남위례역점),13646) 경기도 성남시 수정구 창곡동 560-1 위례우남역 퍼스트푸르지오시티 
스타벅스(판교아이스퀘어점),13449) 경기도 성남시 수정구 시흥동 296-3외 4필지 판교아이스퀘어 제1층 106호 
스타벅스(판교유스페이스점),13494) 경기도 성남시 분당구 삼평동 670 유스페이스1 
스타벅스(야탑역사거리점),13517) 경기도 성남시 분당구 야탑동 514-2 뉴젠빌원룸텔 
스타벅스(판교알파돔타워점),13529) 경기도 성남시 분당구 백현동 537 
스타벅스(판교아비뉴프랑R점),13525) 경기도 성남시 분당구 삼평동 740 판교 호반 써밋 플레이스 
스타벅스(판교알파돔시티점),"13530) 경기도 성남시 분당구 백현동 530번지 타워2동 1층, 138~142호 "
스타벅스(판교브릿지타워점),13486) 경기도 성남시 분당구 삼평동 617 브릿지타워 
마마문스(판교본점),"13530) 경기 성남시 분당구 판교역로 145 백현동, 알파리움2단지, 2층 "
최호만두_QR,13556) 경기도 성남시 분당구 정자일로 227 (정자동) 1층 109호
정자골,"13555) 경기도 성남시 분당구 정자일로 210 정자동, 동양정자파라곤  2단지상가 지하101호 "
핑거크로스,"13525) 경기도 성남시 분당구 동판교로177번길 25 , 1층 114호"
바스버거(판교테크노밸리점),13494) 경기도 성남시 분당구 대왕판교로 660 (삼평동) 지하1층 B128-3호 
이경진우렁쌈밥정식(정자점),"13558) 경기도 성남시 분당구 정자일로 158 정자동, 백궁프라자2, 2층205호 "
카페우드진(판교테크노밸리점),"13494) 경기 성남시 분당구 대왕판교로 660 2층 224호(삼평동, 유스페이스1) "
여의나룻(판교점),"13529) 경기도 성남시 분당구 분당내곡로 131,  2층 일부호(백현동)"
본죽(동판교점) RLGCGZ,13492) 경기도 성남시 분당구 판교로 374  스타식스코아2 104호 
오한수 우육면가( 판교점),13494) 경기도 성남시 분당구 판교역로 231 지하1층 B103호 (삼평동 에이치스퀘어 에스동) 
펠리스산쵸,"13558) 경기 성남시 분당구 정자일로 192, 1층 106호 (정자동, 지.파크프라자) "
흥도식당,"13529) 경기도 성남시 분당구 분당내곡로 131 2층 12호(백현동, 판교테크윈타워) "
찌마기(판교역점),"13530) 경기도 성남시 분당구 대왕판교로606번길 10 1층 139호(백현동, 알파리움1단지) "
스시집 막내아들,13529) 경기도 성남시 분당구 판교역로 136 백현동 1층 1037호(힐스테이트) 
수수커피(판교알파돔타워점),"13529) 경기 성남시 분당구 판교역로 152 백현동, 알파돔타워 1층 8호 "
요거트퍼플(판교역점)_KIOSK,"13529) 경기도 성남시 분당구 판교역로 136 , 1층 1088호"
아웃백(판교점),"13529) 경기 성남시 분당구 분당내곡로 131, 지하 1층 백현동 "
양우정(판교점),"13530) 경기도 성남시 대왕판교로606번길 10, 1층 112,113,114호(백현동,알파리움1단지) "
압구정김치찌개,13486) 경기도 성남시 분당구 판교로255번길 9-22 판교 우림 W-CITY 207호 
뚜레쥬르(성남하나로마트점),"13635) 경기도 성남시 분당구 성남대로43번길 11 (구미동,농수산물종합유통센터) 1층 뚜레쥬르 "
하이보(판교점),"13524) 경기 성남시 분당구 판교역로192번길 14-1 삼평동, 판교예미지 2층 "
카페무아르,13493) 경기도 성남시 분당구 판교역로 230 삼평동 B동 118호 
우영관,13529) 경기도 성남시 분당구 분당내곡로 117 2층 202호 
기욤 판교(아브뉴프랑점),"13525) 경기 성남시 분당구 동판교로177번길 25 1층 126호(삼평동, 판교 호반 써밋 플레이스) "
블리스버거(판교2밸리점)_QR,13449) 경기도 성남시 수정구 창업로 42 (시흥동) 지하1층 B116호
국수의진수,"13494) 경기도 성남시 분당구 대왕판교로 660 유스페이스1 (2지하1층,B123호) "
담소소사골순대육개장(판교4호점),13449) 경기도 성남시 수정구 창업로 17 (시흥동) 파미어스몰2  2층 207-3호 
청년다방(판교테크노밸리점),"13494) 경기 성남시 분당구 대왕판교로 660, 2층 206호 삼평동, 유스페이스1"
샐러드카페 파라,"13524) 경기도 성남시 분당구 판교역로192번길 16, 2층 210호 삼평동, 판교타워 "
서호돈가스(판교H스퀘어점),13494) 경기 성남시 분당구 판교역로 231 에이치스퀘어 에스동 1층 124호 
삼성웰스토리(주) 인하대병원 E,13638) 경기 성남시 분당구 구미로 8 구미동 
피자헛(남한산성2호점),462-805) 경기도 성남시 중원구 금광동 4842
우리한우곰탕,13544) 경기도 성남시 분당구 판교대장로7길 16-6 (대장동) 1층
베러먼데이(판교테크노벨리점),"13494) 경기도 성남시 분당구 판교역로 235 119호(삼평동, 에이치스퀘어 엔동)"
율리아테이블,13486) 경기도 성남시 분당구 판교로227번길 6 (삼평동) 1층105호
명동할머니국수(분당정자점),13558) 경기 성남시 분당구 정자동 23-1  지파크프라자 107호 
파리바게뜨(위례호반점),13642) 경기도 성남시 수정구 위례동로 153 파리바게뜨(위례호반점) 
파리바게뜨(분당미금점),13627) 경기도 성남시 분당구 돌마로 68 파리바게뜨(분당미금점) 
파리바게뜨(분당코오롱점),13564) 경기 성남시 분당구 이매동 146-5 파리바게뜨(분당코오롱) 
파리바게뜨(분당롯데),463020) 경기도 성남시 분당구 수내동 20-6 동현프라자 
파리바게뜨(분당서현),463824) 경기도 성남시 분당구 서현동 248-3 
파리바게뜨(판교봇들점),"13492) 경기도 성남시 분당구 판교로 374 1층 101,102호 "
파리바게뜨(판교원마을),463410) 경기 성남시 분당구 판교동 621-5 파리바게뜨(판교원마을) 
파리바게뜨(서판교),463440) 경기 성남시 분당구 운중동 948번지 파리바게뜨(서판교) 
파리바게뜨(분당중탑),13503) 경기도 성남시 분당구 야탑동 272-1 파리바게뜨(분당중탑) 
파리바게뜨(분당이매),463830) 경기도 성남시 분당구 이매동 120-7 파리바게뜨(분당이매) 
파리바게뜨(성남공단점),13228) 경기도 성남시 중원구 둔촌대로 429 1층 파리바게뜨 
파리바게뜨(성남금상),462816) 경기도 성남시 중원구 상대원동 2992-2 
파파존스(야탑점),"13505) 경기도 성남시 분당구 매화로 49 (야탑동) 1층 103,104호(야탑동,시흥조합상가)"
파파존스(판교점),"13474) 경기도 성남시 분당구 서판교로 154 (판교동, 낙생빌딩) 2층 204호"
파파존스(성남점),13179) 경기도 성남시 중원구 산성대로382번길 3 `
길동우동(정자점),13555) 경기도 성남시 분당구 성남대로 389 (정자동) 제1층 110호 
킨파,"13486) 경기도 성남시 분당구 판교로227번길 6 (삼평동) 106호, 107호 "
카페우드진(판교우림W시티점)_KIOSK,13486) 경기 성남시 분당구 판교로255번길 9-22 1층 119호 
그라비티(판교테크노밸리점,13494) 경기도 성남시 분당구 대왕판교로 670 (삼평동) 1층 129호 
빕스(판교점),463-400) 경기도 성남시 분당구 동판교로 177번길 25 
듬박이찌개(판교점),13494) 경기도 성남시 분당구 판교역로 231 (삼평동) 1층 128호 
메가MGC커피(판교테크노밸리점),"13494) 경기도 성남시 분당구 대왕판교로 670 , 117호(삼평동, 유스페이스2) "
옥된장,13524) 경기도 성남시 분당구 판교역로 184 (삼평동) 1층 102-2호
후루룩손칼국수,"13494) 경기 성남시 분당구 대왕판교로 670 삼평동, 유스페이스2 B01층 103호 "
중경별곡마라탕샹궈_KIOSK,"13494) 경기 성남시 분당구 대왕판교로 670  2층 222호(삼평동, 유스페이스2)"
군산오징어(우림더블유시티점),13486) 경기도 성남시 분당구 판교로255번길 9-22 214호
인디테이블,"13525) 경기 성남시 분당구 동판교로177번길 25 삼평동, 판교 호반 써밋 플레이스, 1층 "
파리바게뜨(판교테크노점),13494) 경기도 성남시 분당구 판교역로 231 (삼평동) 1층 132호 
메가MGC커피(제2테크노밸리점),"13449) 경기도 성남시 수정구 창업로 43 , A동 104호(시흥동) "
아티제(판교역점),13529) 경기도 성남시 분당구 분당내곡로 117 크래프톤타워 1층 
엽기떡볶이(신흥역점)(오더),13344) 경기도 성남시 수정구 시민로 135 1층 
빽다방(판교유스페이스점)(오더),13494) 경기도 성남시 분당구 대왕판교로 660 (삼평동) 1층 134호 
샐러디(판교도시첨단점)(오더),13453) 경기도 성남시 수정구 금토로80번길 51 (금토동) 1층 105호 
샐러디(판교테크노밸리점)(오더),"13494) 경기도 성남시 분당구 대왕판교로 670 1층 114호, 샐러디"
플레이뮤지엄(도시락)(오더),13487) 경기도 성남시 분당구 대왕판교로645번길 16 (삼평동) 플레이뮤지엄
빽다방(판교역점)(오더),13524) 경기도 성남시 분당구 대왕판교로606번길 31 104호(삼평동) 
엽기떡볶이(동판교점)(오더),13524) 경기도 성남시 분당구 판교역로192번길 22(삼평동) 2층 204호 
빽다방(분당서현대명점)(오더),463824) 경기도 성남시 분당구 황새울로360번길 12 대명프라자1층108호 
엽기떡볶이(성남산성점)(오더),13261) 경기도 성남시 수정구 희망로 551 (신흥동) 107호 
샐러디(수내점)(오더),13595) 경기도 성남시 분당구 황새울로200번길 9-7(수내동) 1층 104호 
빽다방(강릉중앙시장점)(오더),25543) 강원특별자치도 강릉시 금성로 23-1 (성남동) 1층
아티제(판교알파리움점),"13530) 경기도 성남시 분당구 백현동 531 알파리움 제1타워 1동 101호,102호 "
빽다방(수내역초림점)(오더),463825) 경기도 성남시 분당구 백현로101번길 17 초림프라자119호 
마마스포,13494) 경기도 성남시 분당구 판교역로 231 (삼평동) 1층 123호 
정희(판교아브뉴프랑점),"13525) 경기 성남시 분당구 동판교로177번길 25 삼평동, 1층 105호 판교 호반 써밋 플레이스 "
퀴즈노스(판교테크노밸리점),"13494) 경기도 성남시 분당구 대왕판교로 660 111호, 112호(삼평동, 유스페이스1) "
바르다 김선생(판교대장점),13544) 경기 성남시 분당구 판교대장로7길 16 힐스테이트 판교 엘포레 A6BL 620동 지3층 109호 
더플레이스(판교점),"135-25 ) 경기도 성남시 분당구 동판교로177번길 25 (삼평동,판교 호반 써밋 플레이스) 아비뉴프랑 1층 "
푸르나다_QR,13449) 경기도 성남시 수정구 창업로 43 (시흥동) 판교글로벌비즈센터 B동 1층 107호 
투썸플레이스(판교알파돔점),13529) 경기도 성남시 분당구 분당내곡로 131 (백현동) 알파돔시티 1층 
더이탈리안클럽(판교테크원점),13529) 경기도 성남시 분당구 분당내곡로 131
할매순대국,463825) 경기도 성남시 분당구 황새울로258번길 10-7 가나프라자
고봉민김밥인(분당판교점),"13525) 경기도 성남시 분당구 대왕판교로606번길 58 1층 1-87호(삼평동, 판교푸르지오월드마크) "
하츠,"13530) 경기도 성남시 분당구 대왕판교로606번길 10 (백현동, 알파리움1단지) 상가동 1층 111호"
할매순대국,"13637) 경기 성남시 분당구 구미로9번길 25 구미동, 분당대맥주차빌딩 11호 "
진주랑 경동평택공장(임의결제),"13201) 경기 성남시 중원구 갈마치로 302 상대원동, 성남우림라이온스밸리5차 비동505호 "
올레 샐러드,"13494) 경기도 성남시 분당구 대왕판교로 660 지하1층 비128-5호(삼평동, 유스페이스1)"
미닛트,"13494) 경기도 성남시 분당구 대왕판교로 670 1층 112호 삼평동, 유스페이스2 "
이쉐프웍,"13558) 경기도 성남시 분당구 정자일로156번길 6 2층(정자동, 뉴본타워) "
윤가네용대리황태국(판교점),"13494) 경기 성남시 분당구 대왕판교로 660 삼평동, 유스페이스1 1층 "
월선네(판교역점),"13524) 경기도 성남시 분당구 판교역로192번길 22 1층 105호(삼평동, 판교효성해링턴타워) "
정육식당 육국(분당오리역점),13637) 경기도 성남시 분당구 성남대로 36 (구미동) 2(일부)층 
장수본가해장국(정자점),"13558) 경기도 성남시 분당구 정자일로 158 (정자동) 1층 112, 113호 "
불고기 온소반(판교본점),463400) 경기도 성남시 분당구 판교역로 240 삼환하이펙스A동 지하 105호
맞닿음(판교점),463400) 경기도 성남시 분당구 대왕판교로 670 
츠키,"13558) 경기 성남시 분당구 정자일로156번길 6, 111호 (정자동, 뉴본타워) "
카모,"13530) 경기도 성남시 분당구 판교역로 145 (백현동, 알파리움2단지) 타워2동 1층 118호"
제주은희네해장국(판교점),"13494) 경기 성남시 분당구 판교역로 231 삼평동, 에이치스퀘어 에스동  지하1층 B122,B123 호 "
매콤돈가스칡냉면(판교점),"13494) 경기도 성남시 분당구 대왕판교로 670 유스페이스2,지하1층B104호 "
미도인(판교테크원),13529) 경기도 성남시 분당구 분당내곡로 131 지하 1층 31호
차알,"13525) 경기 성남시 분당구 동판교로177번길 25 삼평동, 판교 호반 써밋 플레이스, 2층 "
마라공방(판교점),13524) 경기도 성남시 분당구 판교역로192번길 12 2층 206호
통통낙지마을,"13493) 경기도 성남시 분당구 판교역로 230 B동 209호 (삼평동,삼환하이펙스) "
보노보노,"13524) 경기도 성남시 분당구 판교역로 180, 102 ,103, 105호 삼평동, 알파타워 "
북촌손만두(판교파미어스몰점),13449) 경기도 성남시 수정구 창업로 17 파미어스몰 201-4 
루트비커피(판교알파리움점),13530) 경기도 성남시 분당구 대왕판교로606번길 10 타워1동 1층 128호 
샐러드카페 파라_KIOSK,"13524) 경기도 성남시 분당구 판교역로192번길 16 , 2층 210호(판교타워) "
투썸플레이스(판교테크노밸리점),13494) 경기도 성남시 분당구 판교역로 235 (삼평동) H스퀘어 N동 111호 
카페 바리스랩,"13525) 경기도 성남시 분당구 대왕판교로606번길 58 (삼평동) 1층, 1-66호 "
롯데마트(판교점),13525) 경기도 성남시 분당구 삼평동 741번지 롯데마트
(주)엔바이콘 카페엔바이콘(판교),13487) 경기 성남시 분당구 대왕판교로645번길 36 삼평동 엔에스복합건축물 1층
핸드메이드,"13494) 경기 성남시 분당구 대왕판교로 660 126호(삼평동, 유스페이스1) "
본도시락(판교테크노밸리점),13493) 경기도 성남시 분당구 판교역로 230 삼환하이펙스 B동 지1층 B109호
커피라디오(판교점),13494) 경기도 성남시 분당구 대왕판교로 660 유스페이스1 지상2층 221호
텐퍼센트스페셜티커피(분당서현점)_QR,13591) 경기도 성남시 분당구 분당로53번길 14 (서현동) 104호 
(주)엔바이콘 하림닭요리,13487) 경기도 성남시 분당구 대왕판교로645번길 36
진스키야키(판교본점),13529) 경기도 성남시 분당구 분당내곡로 131 판교테크원 1층 일부
빽다방(판교유스페이스점),13494) 경기도 성남시 분당구 대왕판교로 660 유스페이스1 1층 134호(삼평동) 
살레르노(판교점),"13306) 경기도 성남시 분당구 판교역로 145, 라스트리트 2동 2층"
샐러디(판교제2테크노밸리점),13449) 경기도 성남시 수정구 창업로 57 1층 103호 
김명자굴국밥전문점(분당정자점),13558) 경기 성남시 분당구 정자동 159-1 1필지 백궁프라자1 (205) 
맥도날드 판교테크노밸리,13494) 경기도 성남시 분당구 판교역로 231 H스퀘어 S동
맥도날드 수내역,13595) 경기도 성남시 분당구 백현로 101번길 29 (수내동)
맥도날드 동판교,"13525) 경기도 성남시 분당구 대왕판교로 606번길 58, 푸르지오월드마크 (삼평동)"
맥도날드 오리역,13636) 경기도 성남시 분당구 성남대로 45 (구미동)
맥도날드 서판교DT,13467) 경기도 성남시 분당구 판교로 35(운중동)
비비큐 판교테크노밸리점,"13494) 경기도 성남시 분당구 판교역로 231 (삼평동, 에이치스퀘어 에스동) 121호 비비큐"
비비큐 분당야탑점,13505) 경기도 성남시 분당구 야탑동 383-4 1층 비비큐
빽다방(수내역초림점),463825) 경기도 성남시 분당구 백현로101번길 17 초림프라자119호
집밥맛있다,"13494) 경기도 성남시 분당구 대왕판교로 660 지하1층 128-2호(삼평동, 유스페이스1)"
피노피자(판교점),11111) 경기도 성남시 분당구 판교역로 109 SK허브 지하2층 피노피자
샐러드SLB(판교역점)_KIOSK,13529) 경기도 성남시 분당구 판교역로 152 B1층 일부 
화란(판교파미어스몰점)_QR,13449) 경기도 성남시 수정구 창업로 17 (시흥동) 파미어스몰2 C동 208호 
토마토김밥 판교역점,13529) 경기도 성남시 분당구 판교역로 136 지하2층 
운봉에덴식당,"13525) 경기 성남시 분당구 동판교로177번길 25 삼평동, 판교 호반 써밋 플레이스, 2층 "
파리바게뜨(성남대로점),13320) 경기도 성남시 수정구 성남대로 1196 (수진동) 1층(수진동) 
담솥(판교아브뉴프랑점),"13525) 경기도 성남시 분당구 동판교로177번길 25 1층 103호(삼평동, 판교 호반 써밋 플레이스) "
하오마라(오리역점),"13637) 경기도 성남시 분당구 구미로9번길 7 (구미동) 1층 101호,102호 "
백야드(테크원점),13529) 경기도 성남시 분당구 분당내곡로 131 지하2층 B250호 
플레이뮤지엄(도시락 서브),13487) 경기도 성남시 분당구 대왕판교로645번길 16  NHN
야미카츠(본점),"13449) 경기 성남시 수정구 대왕판교로 815 1층 106호(시흥동, 판교창조경제밸리)"
가마솥순대국밥(분당오리역점),"13637) 경기도 성남시 분당구 구미로9번길 25 101호(구미동, 분당대맥주차빌딩)"
오니기리와이규동(판교테크노밸리점)_KIOSK,"13494) 경기 성남시 분당구 판교역로 231 (삼평동, 에이치스퀘어 에스동) 지하 1층 B126호 "
고향옥얼큰순대국(삼평점),"13494) 경기도 성남시 분당구 판교역로 235 1층 112호(삼평동, H스퀘어 N동) "
샐러디아(판교역점),13525) 경기도 성남시 분당구 대왕판교로 606번길 58 대우푸르지오월드마트상가 1층 1-76호 
하치돈부리,"463824) 경기도 성남시 분당구 서현동  분당로53번길 14 서현프라자107,113호 "
광주옥_QR,"13638) 경기도 성남시 분당구 구미로 16 (구미동) 132,134,135호 "
일상화식,13494) 경기도 성남시 분당구 대왕판교로 670 (삼평동) 2층 226호
삼다옥1947,463020) 경기도 성남시 분당구 수내동 7-4
왕징양다리양꼬치(판교직영점),"13530) 경기도 성남시 분당구 대왕판교로606번길 10 205호, 206호 "
써브웨이(판교역점),"13525) 경기도 성남시 분당구 대왕판교로606번길 58 (삼평동) 1층 1-02,03,45,46호 "
보스쭈꾸미(본점),"13558) 경기 성남시 분당구 정자일로 162, 1층 106호 정자동, 젤존타워2 "
로열로스터리_KIOSK,13493) 경기도 성남시 분당구 대왕판교로644번길 49 지하2층
분당감자탕(정자점),"13558) 경기도 성남시 분당구 정자일로 162 103호,104호(정자동, 젤존타워2) "
"맛남의광장한식뷔페(구,매드한식)_QR",13524) 경기도 성남시 분당구 판교역로192번길 14-1 (삼평동) 판교예미지빌딩 1층
올라회덮밥,"13636) 경기 성남시 분당구 성남대로 51 141(구미동, 포스빌오피스텔141호~142호) "
서울전통육개장(판교하이펙스점),13493) 경기 성남시 분당구 삼평동  678 삼환하이펙스A동 지하1층 108-1호( 판교역로 240) - 
현대백화점(판교점),13529) 경기도 성남시 분당구 판교역로146번길 20(백현동)
플레이뮤지엄(3코스),13487) 경기도 성남시 분당구 대왕판교로645번길 16  NHN
(주)엔바이콘 교소바,13487) 경기도 성남시 분당구 대왕판교로645번길 36 NS홈쇼핑 지하1층
나진국밥(판교점),"13494) 경기 성남시 분당구 대왕판교로 660 삼평동, 유스페이스1 2층 237호 "
앤쏠로지커피_KIOSK,"13494) 경기 성남시 분당구 대왕판교로 660 삼평동 유스페이스1, 131호"
우리동네김밥(정자점본점),13556) 경기 성남시 분당구 정자동 10-1 아이파크상가 202동 106호 
텐퍼센트커피(유스페이스점),"13494) 경기도 성남시 분당구 대왕판교로 670 (삼평동) 삼평동, 유스페이스2 1층 "
GS더프레시(포레스티아점),461160) 경기 성남시 수정구 신흥동 10번지 산성역포레스티아 상가 
GS더프레시(봇들마을점),"13492) 경기도 성남시 분당구 동판교로 225, 상가동 106호~109호(삼평동 봇들마을 3단지 아파트) "
GS더프레시(판교운중점),"13461) 경기도 성남시 분당구 운중로 117, 1층(운중동, 포모나타워) "
이자와(판교아이스퀘어점),13449) 경기도 성남시 수정구 창업로 17 판교아이스퀘어 F동 2층 제212호 
이든활어,"13494) 경기 성남시 분당구 대왕판교로 670 삼평동, 유스페이스2 220호 "
아이스걸크림보이(판교점),"13494) 경기 성남시 분당구 대왕판교로 660 삼평동, 유스페이스1 2층 228호 "
해도락,"13494) 경기도 성남시 분당구 판교역로 235  1층 130~132호(삼평동, 에이치스퀘어 엔동) "
더진국(판교파미어스몰점),"13449) 경기도 성남시 수정구 창업로 18 2층 202-2호, 202-3호(시흥동, 판교 아이스퀘어) "
미메이라,"13494) 경기도 성남시 분당구 대왕판교로 660 삼평동, 유스페이스1 B01층 120호 "
리츠다이너,"13559) 경기 성남시 분당구 정자일로 146 정자동, 엠코헤리츠 1단지 "
최고야 전국5대짬뽕,"13486) 경기도 성남시 분당구 판교로227번길 6 브릿지 타워 1층 116,117호"
재크와콩나물,13494) 경기도 성남시 분당구 판교역로 231 B111호 에이치스퀘어 에스동
차차식당,13493) 경기도 성남시 분당구 판교역로 240 지하1층 B-119-1호 
먼데이키친,13486) 경기도 성남시 분당구 판교로255번길 9-22 판교 우림 W-CITY 2층 231호 
디저트39(판교역점),13529) 경기도 성남시 분당구 판교역로 136 1층 
분당 양자강,13631) 경기도 성남시 분당구 탄천상로 164 시그마2오피스텔 B동 지하1층 양자강
홍차이나,13557) 경기도 성남시 분당구 정자동 24 인텔리지 307호
명품보쌈,"13493) 경기도 성남시 분당구 판교역로 230 B동  지하1층 121 (삼평동, 삼환하이펙스) "
우몽블랙,"13530) 경기도 성남시 분당구 판교역로 145 (백현동, 알파리움2단지) 2동 1층 111호, 112호"
진짜돼지,"13524) 경기도 성남시 분당구 분당내곡로 159 (삼평동) A동 1층 120호, 121호,122호 "
남도미락,463500) 경기 성남시 분당구 구미동 184-7 
슈퍼타이(그레이츠판교점),"13529) 경기도 성남시 분당구 분당내곡로 117 지하1층 B102호(백현동, 그레이츠판교)"
아워홈(분당두산타워_테이크아웃점),"13557) 경기도 성남시 분당구 정자일로 155, 지하1층, 지상7층 (정자동,분당두산타원) "
구우트,"13494) 경기도 성남시 분당구 대왕판교로 670 지하1층, B109~110호(삼평동, 유스페이스2) "
일류(판교점),"13494) 경기 성남시 분당구 대왕판교로 670, 2층 210호 (삼평동, 유스페이스2) "
공차(판교테크노밸리점),"13494) 경기도 성남시 분당구 대왕판교로 670, 유스페이스 1층 116호 "
플레이뮤지엄(2코스),13487) 경기도 성남시 분당구 대왕판교로645번길 16  NHN
호미스피자(판교점),13493) 경기도 성남시 분당구 판교역로 230 (삼평동) B동 B108호(삼환하이펙스) 
(주)엔바이콘 아시안퀴진똠,13487) 경기 성남시 분당구 대왕판교로645번길 36 삼평동
오너쉐프,463400) 경기도 성남시 분당구 대왕판교로 670 .B111호 유스페이스2 
조마루감자탕(판교점),"13494) 경기도 성남시 분당구 판교역로 231 삼평동, 에이치스퀘어 에스동 "
하품스베이크(판교점),"13494) 경기도 성남시 분당구 판교역로 235, 106호(삼평동, 에이치스퀘어 엔동) "
오한수우육면가(판교파미어스몰점),13449) 경기도 성남시 수정구 창업로 17 A동 2층 203-1호(시흥동)
라디오베이(판교점),"13524) 경기 성남시 분당구 판교역로192번길 12 삼평동, 판교미래에셋센터 2층일부 "
제비면가,"13493) 경기 성남시 분당구 판교역로 240 삼평동, 삼환하이펙스A동 지하1층 B114호 "
본도시락(판교파미어스점),13449) 경기도 성남시 수정구 창업로 17 E동 지하1층 B105-2 
플레이뮤지엄(4코스),13487) 경기도 성남시 분당구 대왕판교로645번길 16  NHN
양육점(판교점),13529) 경기도 성남시 분당구 분당내곡로 131
만찬(슈마우스),"13493) 경기도 성남시 분당구 판교역로 240 삼평동, 삼환하이펙스A동 "
뚜레쥬르(판교우림점),463400) 경기도 성남시 분당구 판교로255번길  20-0 9-22 (삼평동) 
아이스크림소사이어티(판교알파돔점),13529) 경기도 성남시 분당구 분당내곡로 131 1층 5-1호
(주)엔바이콘 하이포크,13487) 경기도 성남시 분당구 대왕판교로645번길 36
매일식당,"13524) 경기 성남시 분당구 판교역로192번길 14-2 삼평동, 골드타워, 1층 "
주식회사 펠트,13529) 경기도 성남시 분당구 판교역로 166 (백현동) 1층 14호
매머드익스프레스(판교중앙점),13524) 경기도 성남시 분당구 대왕판교로606번길 31 1층 109호(삼평동) 
언버튼 판교_QR,13449) 경기도 성남시 수정구 창업로 43 (시흥동)  A동 107호 
옵션스페셜티커피(판교테크노밸리점),13494) 경기도 성남시 분당구 대왕판교로 660 1층 139호 
본죽&비빔밥cafe(분당카페거리점),13555) 경기 성남시 분당구 정자일로 230 동양정자파라곤3단지상가 113호 
스시가오(판교유스페이스점),"13494) 경기도 성남시 분당구 삼평동 대왕판교로 660 삼평동, 유스페이스1 B 121호 "
히카루 후,"13525) 경기도 성남시 분당구 동판교로177번길 25 217호(삼평동,판교 호반 써밋 플레이스) "
프레퍼스다이어트푸드(판교점),13494) 경기도 성남시 분당구 판교역로 231 (삼평동) 1층 109호 
플레이뮤지엄(특식결제),13487) 경기도 성남시 분당구 대왕판교로645번길 16  NHN
복뚱이네간장게장,"13637) 경기도 성남시 분당구 구미로9번길 17 구미동, 광림빌딩 1층 "
삼성웰스토리(주) 인하대병원F,13638) 경기 성남시 분당구 구미로 8 구미동
삼대곱창,"13494) 경기도 성남시 분당구 대왕판교로 660 삼평동, 유스페이스1 2층 202호"
주식회사 딜라잇,"13493) 경기도 성남시 분당구 대왕판교로644번길 49 지하2층(삼평동, 한컴타워) "
알레그리아(판교테크원점),13529) 경기도 성남시 분당구 분당내곡로 131 1층(백현동)
멜버,"13493) 경기 성남시 분당구 판교역로 240 삼평동, 삼환하이펙스A동 1층 124호 "
동선참치,"13637) 경기 성남시 분당구 구미로9번길 16 구미동, 체리빌오피스텔 101호 "
진주랑 경동평택공장,"13201) 경기 성남시 중원구 갈마치로 302 상대원동, 성남우림라이온스밸리5차 비동505호 "
카페우드진(판교2호점)_KIOSK,13493) 경기도 성남시 분당구 판교역로 230 B동 117호(삼평동) 
베어스타코(판교점)_KIOSK,13494) 경기 성남시 분당구 판교역로 231 B1층 B116호 
양산도(판교점),"13525) 경기도 성남시 분당구 대왕판교로606번길 58 1층(삼평동, 판교푸르지오월드마크) "
마왕족발(판교점),"13524) 경기도 성남시 분당구 대왕판교로606번길 45 1층 101호 (삼평동, 판교역 푸르지오시티) "
오투닭갈비&부대찌개(판교아이스퀘어점),13449) 경기도 성남시 수정구 창업로 17 F동 201호 
오비터,"13493) 경기도 성남시 분당구 판교역로 240, 1층 123호 삼평동, 삼환하이펙스A동 "
탄탄면공방(A동)_KIOSK,13493) 경기도 성남시 분당구 판교역로 240 A동 121호 
땡큐로스터스,"13493) 경기도 성남시 분당구 판교역로 240 2층 204호(삼평동, 삼환하이팩스 A동) "
맛있는 옥상,13558) 경기도 성남시 분당구 성남대로331번길 8 (정자동) 310호 
광화문국밥(판교점),"13529) 경기 성남시 분당구 판교역로 152 백현동, 알파돔타워, 2층 "
아비꼬(판교파미어스몰점),13449) 경기도 성남시 수정구 창업로 17 B동 2층 201-3호(시흥동)
퍼틴(판교점)_QR,13449) 경기도 성남시 수정구 창업로 17 (시흥동) 2층 201-5호 
버거킹(판교유스페이스점),13494) 경기도 성남시 분당구 삼평동 대왕판교로 660 1층 
버거킹(분당야탑점),13506) 경기도 성남시 분당구 성남대로 916번길 11 
하루,"13494) 경기도 성남시 분당구 판교역로 231 (삼평동) 제에스동 1층 131호(삼평동,에이치스퀘어 에스동) "
끌리마,"13494) 경기도 성남시 분당구 대왕판교로 660 A동 1층 115호(삼평동,유스페이스1) "
삼성웰스토리(주) 인하대병원 D,13638) 경기 성남시 분당구 구미로 8 구미동 
희소식 소갈비살,"13638) 경기 성남시 분당구 구미로 16 구미동, 성우스타우스오피스텔 1층 136호"
삼성웰스토리(주) 인하대병원 B,13638) 경기 성남시 분당구 구미로 8 구미동 
메가후르츠(판교점),13529) 경기도 성남시 분당구 판교역로 136 지하2층 B2077호(백현동)
오마카세오사이초밥(판교점),"13524) 경기도 성남시 분당구 판교역로 180 1층 106호(삼평동, 알파타워)"
아티제(판교역점),13529) 경기도 성남시 분당구 분당내곡로 117 알파돔타워4 1층
백암순대,"13637) 경기 성남시 분당구 구미로9번길 16, 1층 106호 구미동, 체리빌오피스텔 "
통통곱창,"13524) 경기도 성남시 분당구 대왕판교로606번길 45 삼평동, 판교역 푸르지오시티 102호 "
현복집(판교점),"13530) 경기 성남시 분당구 대왕판교로606번길 10 백현동, 알파리움1단지 2층 "
일로집(판교직영점)_QR,13524) 경기도 성남시 분당구 판교역로192번길 14-1 (삼평동) 1층 105호
서호돈가스,13486) 경기도 성남시 분당구 판교로255번길 9-22 판교 우림 W-CITY B106호 
까사논나,13494) 경기도 성남시 분당구 대왕판교로 660 유스페이스1 A동 132호 
월선네 수내점,463825) 경기도 성남시 분당구 백현로101번길 13
킹콩부대찌개(동판교점),13493) 경기도 성남시 분당구 판교역로 240 A동 207호 
로뚜뚜커피,"13494) 경기 성남시 분당구 판교역로 231 삼평동, 에이치스퀘어 에스동 B1층 "
마키노차야(판교점),"13530) 경기 성남시 분당구 판교역로 145 백현동, 알파리움2단지 B109호 "
엠에스생감자치킨,"13493) 경기 성남시 분당구 판교역로 230 B동 1층 103호(삼평동, 삼환하이펙스) "
오덮,"13493) 경기 성남시 분당구 판교역로 240 삼평동, 삼환하이펙스A동 지하1층 "
케이크카페오드리,"13524) 경기도 성남시 분당구 대왕판교로606번길 45 삼평동, 판교역 푸르지오시티 "
유가네닭갈비(분당오리역점),13637) 경기도 성남시 분당구 구미로9번길 10 유가네(분당오리역점) 
이황식당,"13493) 경기도 성남시 분당구 판교역로 230, B동 1층 104호 삼평동, 삼환하이펙스 "
성빈네횟집_QR,13558) 경기도 성남시 분당구 느티로 16 (정자동) 2층 209호
기름짜는 김밥집,13494) 경기도 성남시 분당구 판교역로 231 (삼평동) 118호
하림(판교벤처밸리C),54517) 경기도 성남시 분당구 판교로228번길 15
버거온플릭_KIOSK,"13530) 경기도 성남시 분당구 판교역로 145 (백현동, 알파리움2단지) 2층 206호 "
미쁜선순대,"13493) 경기도 성남시 분당구 판교역로 240 삼평동, 삼환하이펙스A동 "
오봉집(판교유스페이스점),13494) 경기도 성남시 분당구 대왕판교로 670 (삼평동)  2층 213호 
딜라잇푸드(ABN타워),"04563) 경기도 성남시 분당구 판교로 331 지하1층(삼평동, ABN타워) "
공차(판교역점),"13524) 경기도 성남시 분당구 판교역로192번길 12, 1층 "
전주현대옥(판교점),"13494) 경기 성남시 분당구 대왕판교로 670, 122호 삼평동, 유스페이스2 "
동청담,"13524) 경기도 성남시 분당구 대왕판교로606번길 45 2층 206호(삼평동,판교역 푸르지오시티) "
투썸플레이스(판교파미어스몰점)_QR,13449) 경기도 성남시 수정구 창업로 17 (시흥동) 판교아이스퀘어 B동 1층 101호 
애햄 부대찌개(정자점),13558) 경기도 성남시 분당구 느티로 16 (정자동) 2층 203호
샐러디(판교테크노밸리점),13494) 경기도 성남시 분당구 대왕판교로 670 1층 
이화수(분당오리점),13638) 경기도 성남시 분당구 구미로 16 1층 
판교옥,"13449) 경기도 성남시 수정구 창업로 57 1층 106호, 107호"
아티제(분당정자점),"13562) 경기도 성남시 분당구 정자일로 100   미켈란쉐르빌 D동 102~103,202호"
해가옥,"13525) 경기도 성남시 분당구 대왕판교로606번길58 1-78, 1-79호(삼평동, 판교푸르지오월드마크) "
테이블스푼컵스프,"13494) 경기도 성남시 분당구 판교역로 231 1층 116호(삼평동, 에이치스퀘어에스동) "
산고을국수잔치,13638) 경기도 성남시 분당구 구미로 16 (구미동) 1층 
크리스피크림도넛(분당수내점),463778) 경기도 성남시 분당구 황새울로200번길 45 롯데백화점
엠제이푸드아이(한와담),"13529) 경기 성남시 분당구 판교역로 152 백현동, 알파돔타워, 1층 "
귀한족발(분당정자역점),13558) 경기도 성남시 분당구 느티로 16 (정자동) 2층 201호 
(주)엔바이콘 비스트로바이콘,13487) 경기 성남시 분당구 대왕판교로645번길 36 삼평동 엔에스복합건축물 1층
우쿠야(유스페이스점),"13494) 경기도 성남시 분당구 대왕판교로 660 지하층 B107호(삼평동, 유스페이스1)"
(주)파파스다이닝(고다이주방),13493) 경기도 성남시 분당구 판교역로 240 삼환하이펙스A동 102호
삼성웰스토리(주) 인하대병원 C,13638) 경기 성남시 분당구 구미로 8 구미동 
문어집(판교점),"13494) 경기도 성남시 분당구 대왕판교로 660 1층 122호(삼평동, 유스페이스1) "
로스터리 락온(판교점)_KIOSK,13494) 경기도 성남시 분당구 판교역로 235 1층118호
플레이뮤지엄(1코스),13487) 경기도 성남시 분당구 대왕판교로645번길 16  NHN
쌍팔반점(동판교점)__QR,"13525) 경기도 성남시 분당구 대왕판교로606번길 58 (삼평동) 1층 1-103호(상평동,판교푸르지오월드마크)"
(주)엔바이콘 판교순대,13487) 경기도 성남시 분당구 대왕판교로645번길 36
강창구찹쌀진순대 판교테크원점(유한회사 이로),13529) 경기도 성남시 분당구 분당내곡로 131 지하1층 27호 
왕두꺼비부대찌개,13637) 경기 성남시 분당구 구미동 187-4 포인트타운1층3호 
세누하누,"13530) 경기도 성남시 분당구 판교역로 145 타워2동 2층 201,202,203호 "
아티제(판교점),13525) 경기도 성남시 분당구 동판교로177번길 25 아브뉴프랑 1층
원조부안집(판교직영점),13494) 경기도 성남시 분당구 대왕판교로 660 (삼평동) 2층 214호 
미분당_QR,"13558) 경기 성남시 분당구 정자일로 158 정자동, 백궁프라자2 "
파리바게뜨(성남도촌점),13426) 경기도 성남시 중원구 도촌로 8 (도촌동) 104호 105호 
배스킨라빈스(울산성남점),44532) 울산광역시 중구 만남의거리 10 (성남동 219-20) 배스킨라빈스 
이디야(판교파미어스몰점),13449) 경기도 성남시 수정구 창업로 17 C2블록 B1층 B103-2호 
신도세기(판교역점),"13529) 경기 성남시 분당구 판교역로 152 백현동, 알파돔타워, 2층 "
트러스트커피(판교점),"13494) 경기도 성남시 분당구 판교역로 235 1층 101호(삼평동, H스퀘어 N동) "
삐빗버거(판교파미어스몰점),"13449) 경기도 성남시 수정구 창업로 18 01동 1층 112호(시흥동,파미어스몰)"
박가부대찌개(판교라스트리트점),"13530) 경기 성남시 분당구 판교역로 145 백현동, 알파리움2단지, 2층 "
군산오징어(판교테크노밸리점),"13494) 경기 성남시 분당구 대왕판교로 660, A동 320호 (삼평동, 유스페이스1) "
하림(판교벤처밸리A),13487) 경기도 성남시 분당구 판교로228번길 15
매머드커피(판교역점),13529) 경기도 성남시 분당구 분당내곡로 117
챠오바라이트(판교점),"13494) 경기 성남시 분당구 대왕판교로 660 삼평동, 유스페이스1 , 1층 "
대감집,13529) 경기도 성남시 분당구 판교역로 136 (백현동) 1층 
로열로스터리,"13493) 경기 성남시 분당구 대왕판교로644번길 49, 지하2층 삼평동, 한컴타워 "
포케올데이(판교점),13529) 경기도 성남시 분당구 분당내곡로 131 지하 1층 일부 (25)호 
삼청동샤브(판교아이스퀘어점),13449) 경기도 성남시 수정구 창업로 18 판교제2테크노밸리 C1동 2층 210-2호 
꼬마김밥,"13493) 경기도 성남시 분당구 대왕판교로644번길 49 지하2층(삼평동, 한컴타워)"
샐러딧 판교파미어스점_KIOSK,13449) 경기도 성남시 수정구 창업로 17 판교아이스퀘어 E동 지하1층 B108호 
모박사부대찌개(판교점),13486) 경기도 성남시 분당구 판교로255번길 9-22 B118호 
골목사이_QR,13591) 경기도 성남시 분당구 분당로53번길 19 (서현동) 1층 107호 
풀무원(인터파크 사내식당 A),13453) 경기 성남시 수정구 금토로 70 텐엑스타워 
도깨비 웍,13544) 경기 성남시 분당구 판교대장로 92 2층 204호 
효카츠,"13493) 경기도 성남시 분당구 판교역로 240 B113호(삼평동, 삼환하이펙스A동) "
평가옥(판교점),13494) 경기도 성남시 분당구 대왕판교로 660 (삼평동) 1층 102호
플레이뮤지엄(수기결제),13487) 경기도 성남시 분당구 대왕판교로645번길 16  NHN
울엄마집밥(오리),"13636) 경기 성남시 분당구 탄천상로151번길 20 구미동, 월드유통 C동 지하 1층 24,25,26호"
스텝밀_QR,"13449) 경기도 성남시 수정구 창업로 43 (시흥동) 1층 B-105, B-106호 "
꿀돼지두루치기,13486) 경기도 성남시 분당구 판교로255번길 9-22 (삼평동) 지하층 B112호
주식회사 딜라잇_식권단말기,13493) 경기도 성남시 분당구 대왕판교로644번길 49 (삼평동) 지하 2층 
기달임_QR,13493) 경기도 성남시 분당구 판교역로 240 (삼평동) 지하1층 B112호 
해미옥,13524) 경기도 성남시 분당구 대왕판교로606번길 41 (삼평동) 지하 1층 
카페마마스(판교점),"13529) 경기도 성남시 분당구 분당내곡로 117, 1층 102-2호 백현동, 크래프톤타워 "
쏘렐라(1호점),"13557) 경기 성남시 분당구 정자동 24, 306호 (분당인텔리지2) "
신전떡볶이(삼평점),"13525) 경기 성남시 분당구 대왕판교로606번길 58 삼평동, 판교푸르지오월드마크 "
감성커피(판교H스퀘어점),"13494) 경기도 성남시 분당구 판교역로 231 삼평동, 에이치스퀘어 에스동 "
이태리부대찌개(판교직영점),13493) 경기도 성남시 분당구 판교역로 230
키친쥰_KIOSK,12364) 경기도 성남시 분당구 판교역로 230 (삼평동) 삼환하이펙스 B 동 지하1층103호 
아세야마,13486) 경기도 성남시 분당구 판교로255번길 9-22 판교 우림 W-CITY 2층 209호 
양평해장국(판교우림시티점),13486) 경기도 성남시 분당구 판교로255번길 9-22 206호 
우지커피(판교H스퀘어점),13494) 경기도 성남시 분당구 판교역로 235 105호 
제일칼국수(맛있는생각 분당1지점),13637) 경기도 성남시 분당구 구미로9번길 25 1층 102호(구미동)
우몽(판교점),"13524) 경기도 성남시 분당구 판교역로192번길 12, 2층 204호"
앤쏠로지커피 판교점,13494) 경기도 성남시 분당구 대왕판교로 660 유스페이스1 131호
북청집,13493) 경기도 성남시 분당구 판교역로 230 (삼평동) 지하1층 
정샤브,13595) 경기도 성남시 분당구 황새울로214번길 8 (수내동) 1층 
포앤타이판교우림더블유씨티,"13486) 경기도 성남시 분당구 판교로255번길 9-22 (삼평동) (삼평동,판교우림더블유시티 제2층 230-1 2호) "
배스킨라빈스(분당수내역점),"13595) 경기도 성남시 분당구 백현로101번길 12, 세인프라자 1층 103호 배스킨라빈스 "
왕고집 참숯구이,"13637) 경기도 성남시 분당구 구미로9번길 8 (구미동, 세종그랑시아) 1층 "
무안회관(판교점),"13524) 경기도 성남시 분당구 판교역로192번길 12 1층(삼평동, 판교미래에셋센터) "
화우재,13486) 경기도 성남시 분당구 판교로227번길 6 (삼평동) 110호 
써브웨이(판교브릿지타워점),"13486) 경기도 성남시 분당구 판교로 227번길 6  B106호(삼평동,브릿지타워) "
이황식당2,13494) 경기 성남시 분당구 대왕판교로670 제지1층 제비 105호 
르 메콩,"13494) 경기도 성남시 분당구 대왕판교로 670 (삼평동, 유스페이스2) B동 218호 "
빈티지1988,13494) 경기도 성남시 분당구 판교역로 231 101호 에이치스퀘어 에스동
폴트버거(판교점),13529) 경기 성남시 분당구 분당내곡로 131 1층
나따오비까(판교점),13494) 경기도 성남시 분당구 대왕판교로 670 (삼평동) 130호 
비케이버거,13529) 경기도 성남시 분당구 판교역로 136 (백현동) 힐스테이트판교 101동 1036호 비케이버거 
담북김밥,13486) 경기도 성남시 분당구 판교로255번길 9-22 (삼평동) 1층 
스시가오_QR,13486) 경기도 성남시 분당구 판교로255번길 9-22 (삼평동) 2층 
가비정(하동곰탕다동북엇국),13486) 경기도 성남시 분당구 판교로255번길 9-22 (삼평동) 2층 
그린쿡_QR,13486) 경기도 성남시 분당구 판교로255번길 9-22 (삼평동) 지하1층 
더진국(분당정자역점),"13558) 경기도 성남시 분당구 정자일로156번길 6 (정자동) 108,109호 "
방이옥(판교점),13494) 경기도 성남시 분당구 대왕판교로 660 (삼평동) A동 209-4호 방이옥 
이베리쿡,13558) 경기도 성남시 분당구 정자일로 162 (정자동) 젤존타워2 201호 
지티에스버거(판교점),"13494) 경기도 성남시 분당구 판교역로 231 (삼평동) 지하1층 B117호(삼평동, 에이치스퀘어 S동) "
스타벅스(대전터미널DT점),34572) 대전광역시 동구 성남동 502-2
영심이떡볶이&김밥(판교2호점),13524) 경기도 성남시 분당구 대왕판교로606번길 45 110호 
원조감자탕일미집(판교점),"13494) 경기도 성남시 분당구 판교역로 235 1층 127호(삼평동, 에이치스퀘어 엔동) "
채선당플러스(판교역점),"13524) 경기도 성남시 분당구 대왕판교로606번길 47 (삼평동) 301호(삼평동,SG타워 3층) "
김밥천국(판교테크노밸리점) ,13494) 경기도 성남시 분당구 판교역로 231 (삼평동) 지하1층 B119호 
깡우동(판교유스페이스점) ,"13494) 경기도 성남시 분당구 대왕판교로 670 (삼평동) 1층 127호(삼평동,유스페이스2) "
맛있는생각(분당2지점),"13637) 경기도 성남시 분당구 성남대로 52 (구미동) 101~102호(구미동,그랜드프라자) "
슬로우캘리(판교점),13494) 경기도 성남시 분당구 판교역로 235 H스퀘어 N동 102호 
예촌한식뷔페_QR,13636) 경기도 성남시 분당구 성남대로 51 (구미동) 1층 
판교면학,13494) 경기도 성남시 분당구 대왕판교로 670 (삼평동) 유스페이스2 A동 103호 
타코익스체인지_KIOSK,13493) 경기 성남시 분당구 판교역로 240 지하1층 B122-1호 (삼환하이펙스A동) 
빽다방(교보서현점),13591) 경기도 성남시 분당구 분당로53번길 9  에이원프라자 106호 
컴포즈커피(분당서현로데오점),"13591) 경기도 성남시 분당구 분당로53번길 3 1층(서현동, 농업협동조합중앙회) "
동그리 솥뚜껑 삼겹살(유스페이스점),13494) 경기도 성남시 분당구 대왕판교로 660 (삼평동) A동 203호 
정샤브_TABLE,13595) 경기도 성남시 분당구 황새울로214번길 8 (수내동) 110호
맘스터치(분당정자역점),13558) 경기도 성남시 분당구 정자일로198번길 26 (정자동) 맘스터치(분당정자역점) 
역전우동0410(정자역점),13558) 경기 성남시 분당구 성남대로331번길 7 정자스타빌딩 102호(정자동) 
하이라이스키친(판교점)_QR,"13488) 경기도 성남시 분당구 판교로319번길 14 (삼평동, 성남판교 경기행복주택) (삼평동, 성남판교 경기행복주택) 상가동 1층 9호 "
청년다방(서현로데오점),13591) 경기도 성남시 분당구 분당로53번길 15 (서현동) 206호 
에슬로우커피(판교점),13524) 경기도 성남시 분당구 대왕판교로606번길 45 (삼평동) 107호 
김밥천국(판교테크노밸리점)_미사용,"13494) 경기도 성남시 분당구 판교역로 231 (삼평동) 지하1층 B119호(삼평동,에이치스퀘어 에스동) "
피키샐리,"13449) 경기도 성남시 수정구 창업로 17 (시흥동) A동 지층 B104-3호(시흥동,판교아이스퀘어) "
오늘하루,463869) 경기도 성남시 분당구 정자일로 21 삼라마이다스빌
냄비9단,13615) 경기도 성남시 분당구 돌마로 47 이코노샤르망
냄비9단,"13615) 경기도 성남시 분당구 금곡동 166, 201호 이코노샤르망 "
동압대,"13616) 경기도 성남시 분당구 정자일로 25 금곡동, 대덕프라자2 207,208호 "
장비빔국수(미금점),13616) 경기도 성남시 분당구 정자일로 25 대덕프라자2
스타벅스(분당정자점),13555) 경기도 성남시 분당구 정자동 7번지 두산파빌리온 1층 
뚜레쥬르(분당두산타워점),"13557) 경기도 성남시 분당구 정자일로 155 (정자동,분당두산타워) N동 지하 1층 "
샐러디(분당정자점),13559) 경기도 성남시 분당구 정자일로 140 1층 
녹정 샤브샤브,"13558) 경기도 성남시 분당구 정자로 13 2층 210,211호(정자동 월드비터) "
진수성찬,"13558) 경기 성남시 분당구 정자일로 158 정자동, 백궁프라자2, 2층 204호 "
타키토,"13559) 경기도 성남시 분당구 정자일로 146 정자동, 엠코헤리츠 1단지 101동 1층 A109호 "
김밥나라,13558) 경기도 성남시 분당구 정자일로 158 104(정자동 백궁프라자) 
정직유부(판교점)_KIOSK,13524) 경기 성남시 분당구 대왕판교로606번길 31  1층 123호(삼평동)
자연식당(구도로)_QR,13595) 경기도 성남시 분당구 수내로46번길 22 (수내동) 2층 
에스이커피(기업성장센터점),13449) 경기도 성남시 수정구 창업로 42 (시흥동) 1층 107~109호 
커스텀커피(삼평동점),13494) 경기도 성남시 분당구 대왕판교로 670 (삼평동) B동 121호 
패티바이번(판교알파돔타워점),13529) 경기도 성남시 분당구 판교역로 152 (백현동) 1층 
깡우동(분당수내역점),13595) 경기도 성남시 분당구 수내로46번길 11 (수내동) 1층 107호 
상록회관 연탄구이(수내점),13595) 경기도 성남시 분당구 황새울로258번길 32 (수내동) 1층 112호(수내동) 
상아김밥(판교점),13494) 경기도 성남시 분당구 판교역로 235 (삼평동) 1층 
포하임(서현직영점)QR,13591) 경기도 성남시 분당구 서현로210번길 20 (서현동) B1층
알렉산더 스페셜티커피&베이커리,"13590) 경기도 성남시 분당구 황새울로351번길 10, 여암빌딩 1층 101호"
도쿄스테이크(서현역점),"13591) 경기 성남시 분당구 분당로53번길 19 서현동, 피아자코코빌딩 2층 202호 "
이삭토스트(성남분당서현점),"13591) 경기도 성남시 분당구 서현로210번길 16 (서현동, 유성트윈프라자1차) 109호 "
세븐일레븐(서현그린점),"13591) 경기도 성남시 분당구 황새울로342번길 19, 101호 "
세븐일레븐(분당서현본점),"13591) 경기도 성남시 분당구 서현로210번길 2, 102호, 103호 "
북촌손만두(서현점),13591) 경기도 성남시 분당구 분당로53번길 13 (서현동) 105호 
더진국(서현점),13590) 경기도 성남시 분당구 황새울로 337 (서현동) 웰빙프라자 1층 111호 
고봉민김밥인(분당서현로데오점),13591) 경기도 성남시 분당구 황새울로360번길 28 (서현동) 108호 
니뽕내뽕 서현점,13591) 경기도 성남시 분당구 분당로53번길 13 (서현동) 2층 203호(산호트윈스2) 
롤링파스타 서현역점,"13591) 경기도 성남시 분당구 분당로53번길 14 (서현동) 2층 202호,203호,204호(서현동, 서현프라자) "
스타벅스(분당구청점),13591) 경기도 성남시 분당구 서현동 267-3 
스타벅스(서현N타운점),"13590) 경기도 성남시 분당구 서현동 261-5,6 "
스타벅스(서현역점),13591) 경기도 성남시 분당구 서현동 248-5 1층 
스타벅스(분당서현역AK R점),13591) 경기도 성남시 분당구 서현동 263 AK플라자 
신전떡볶이(서현점)_KIOSK,"13591) 경기도 성남시 분당구 분당로53번길 21, 202호"
도미노피자(서현점),"13578)경기도 성남시 분당구 서현로 377 (서현동,거송빌딩 1층)"
우리밀명동칼국수,"13591) 경기 성남시 분당구 서현로210번길 14 서현동, 유성트윈프라자2차 2층 "
비그라운드,"13595) 경기 성남시 분당구 백현로 97, 1층 (수내동, 수내동 다운타운) "
엽기떡볶이(분당서현점)(오더),13591) 경기도 성남시 분당구 서현로 204 2층 209호
가화,"13591) 경기 성남시 분당구 분당로53번길 15 서현동, 산호트윈스 "
진짜장짬뽕,"13595) 경기 성남시 분당구 백현로101번길 12 수내동, 세인프라자 203호 "
커피빈(분당서현점),"13591) 경기도 성남시 분당구 분당로53번길 11 1층2,3호 커피빈(분당서현점) "
오늘초밥(분당서현점)_QR,13591) 경기도 성남시 분당구 분당로53번길 12 (서현동) 2층 210~215호 
랑데자뷰(서현점),13591) 경기도 성남시 분당구 황새울로360번길 19 (서현동) 지하1층
봉추찜닭(분당수내점),"13595) 경기 성남시 분당구 백현로101번길 13 2층 201호(수내동, 월드프라자) "
전주현대옥(서현역점),13591) 경기도 성남시 분당구 분당로53번길 19 (서현동) 105호 
홍콩반점(분당서현점),13591) 경기도 성남시 분당구 분당로53번길 10 동호플라자
춘천본점닭갈비,"13591) 경기도 성남시 분당구 서현로210번길 14 (서현동) 106호, 116-120호(서현동, 유성트윈프라자2차) "
25시 병천순대국,"13591) 경기 성남시 분당구 분당로53번길 15 서현동, 산호트윈스 "
AK플라자(분당점)_식품,13591) 경기도 성남시 분당구 황새울로 360번길 42 
GS25(분당아이원점),13590) 경기도 성남시 분당구 서현동 255-1풍림아이원상가230-1 
GS25(분당한양점),13588) 경기도 성남시 분당구 서현동 91번지 (서현동 91B상가2호) 
GS25(분당시그마점),"13590) 경기도 성남시 분당구 황새울로 307, 102호 (서현동 276-1, 한라시그마파크) "
GS25(분당지웰점),"13594) 경기 성남시 분당구 수내로 39, 상가동 111호 (수내동 1-1, 분당지웰푸르지오) "
GS25(분당제생병원점),"13590) 경기도 성남시 분당구 서현로180번길 20, 1층 (서현동 255-2) "
GS25(분당서현점),13591) 경기도 성남시 분당구 서현동 247-4
GS25(분당에클라트점),"13590) 경기도 성남시 분당구 서현로 184, 1층 111호 (서현동 251-3, 엘지분당에클라트) "
GS25(분당퍼스트점),"13591) 경기도 성남시 분당구 분당로55, 1층 (서현동 266-1) "
GS25(서현금강점),"13568) 경기도 성남시 분당구 서현로 177, 상가 103호 "
GS25(분당웰빙점),13590) 경기도 성남시 분당구 서현동 260-6 
GS25(분당서현CGV점),13590) 경기도 성남시 분당구 서현동 256번지 101-1호 
옥순식당_QR,13591) 경기도 성남시 분당구 황새울로342번길 11 (서현동) 2층 205호 
퀴즈노스(분당서현점),"13590) 경기도 성남시 분당구 황새울로359번길 11 1층 일부(서현동, 에셋플레이스) "
홍이네_QR,13591) 경기도 성남시 분당구 분당로53번길 21 (서현동) 2층 204호 
카레공방(서현CGV점),13590) 경기도 성남시 분당구 서현로180번길 19 (서현동) 101-24호 
마량수산,"13591) 경기 성남시 분당구 서현로 204 2층 204호(서현동, 엘지에클라트2) "
매머드익스프레스(서현역점),13591) 경기도 성남시 분당구 황새울로342번길 11 102호 
서울24감자탕(서현점),"13590) 경기 성남시 분당구 황새울로 315 서현동, DB손해보험 분당사옥 "
일품마라탕,13591) 경기도 성남시 분당구 황새울로360번길 28 2층 205호
CU(서현텍스타워점),"13590) 경기도 성남시 분당구 황새울로319번길 6, 1층 105호(서현동,텍스타워) "
CU(분당서현점),"13591) 경기도 성남시 분당구 분당로53번길 9, 106호, 107호(서현동) "
CU(분당서현역점),"13591) 경기도 성남시 분당구 분당로53번길 21, 126호(서현동,산호프라자) "
CU(분당나우점),"13578) 경기도 성남시 분당구 서현로 357번길 4, 1층(서현동) "
CU(서현아이원점),13590) 경기도 성남시 분당구 서현로170 풍림아이원플러스 
CU(서현솔밭점),13572) 경기도 성남시 분당구 서현로247번길12  (서현동)
뚜레쥬르(카페서현역점),13591 ) 경기도 성남시 분당구 황새울로 332 1층 뚜레쥬르 
콩나물국밥,13591) 경기 성남시 분당구 서현동 248-3 유성트윈프라자2차 1층 108 
파리바게뜨(분당시범점),13589) 경기도 성남시 분당구 돌마로 481 (서현동) 1층 105-2 
버거킹(분당서현점),13591) 경기도 성남시 분당구 분당로 53번길 19 
쉐이크쉑(분당점),13591) 경기 성남시 분당구 황새울로360번길 42 AK플라자 1층 일부 
카레공방(서현점),13591) 경기 성남시 분당구 분당로53번길 10 동호프라자 1층
아티제(분당서현점),"13591) 경기도 성남시 분당구 분당로 55  분당 퍼스트타워 1, 2층 "
카레모리,13591) 경기도 성남시 분당구 황새울로360번길 28 (서현동) 2층 208호
육쌈냉면(서현점),"13591) 경기 성남시 분당구 황새울로360번길 28  2층 202호(서현동, 은성프라자) "
폴인포케 분당서현점,"13591) 경기 성남시 분당구 분당로53번길 12 (서현동, 서현나산플라자) 204호, 205호 "
이태리부대찌개(서현점)_KIOSK,"13591) 경기 성남시 분당구 분당로53번길 14 2층 205,206,207호(서현동, 서현프라자) "
꼬모QR,13591) 경기 성남시 분당구 황새울로360번길 35 서현현대프라자 1층 
죽여주는김치찜김치찌개(서현점),"13590) 경기 성남시 분당구 황새울로 325 서현동, 서현하우비 "
장원막국수(분당서현점)_QR,13590) 경기 성남시 분당구 황새울로319번길 8-4 서현동 
37.5(분당수내점),13594) 경기도 성남시 분당구 수내로 39 2층
미각짬뽕24시_QR,13591) 경기도 성남시 분당구 황새울로330번길 18 (서현동) 1층 
본죽(분당서현점),13591) 경기도 성남시 분당구 분당로53번길 21 산호프라자 1층 
다께야(서현점)_QR,13591) 경기도 성남시 분당구 분당로53번길 19 (서현동) 1층 106호
하오마라,"13595) 경기 성남시 분당구 백현로101번길 16 수내동, 대덕프라자 2층 204호 "
강릉장칼(서현역점),"13590) 경기 성남시 분당구 서현로180번길 19 서현동, 비전월드 "
보배반점 (서현점),"13591) 경기도 성남시 분당구 서현로210번길 16 (서현동) 제1층 111호, 114호, 115호, 116호, 117호, 118호 "
좋은예감,"13591) 경기 성남시 분당구 황새울로360번길 35 (서현동, 현대프라자202,205호) "
북창동순두부(분당서현점),"13590) 경기 성남시 분당구 황새울로335번길 10 서현동, 멜로즈프라자 "
본도시락(서현점),"13591) 경기도 성남시 분당구 황새울로312번길 20 1층 111,112호(서현동) "
싸움의고수(분당수내점),13595) 경기도 성남시 분당구 백현로101번길 12 싸움의고수 분당수내점
보울리쉬(수내DV점),13595) 경기도 성남시 분당구황새울로258번길 43 지하층 107호 
스시바라(수내점),13597) 경기도 성남시 분당구 내정로165번길 38 601동 1층 청구상가162-2호 
매머드커피(분당수내점),"13595) 경기 성남시 분당구 황새울로 224 1층 103호(수내동, 청구블루빌) "
단청김치찜김치찌개,"13595) 경기 성남시 분당구 수내로46번길 11, 1층 109호 (수내동, 대덕글로리) "
정식당,"13595) 경기도 성남시 분당구 백현로 97 104호(수내동, 다운타운) "
남북마라탕&양꼬치,"13595) 경기도 성남시 분당구 황새울로214번길 8 (수내동) 111호,112호 "
밥식구,13595) 경기 성남시 분당구 황새울로258번길 10-7 1층 104호 
메콩타이(분당수내점),"13595) 경기 성남시 분당구 백현로101번길 17, 2층 208호 수내동, 초림프라자 "
본죽&비빔밥cafe(분당롯데점),"13595) 경기도 성남시 분당구 백현로 101번길 12, 1층 106호(수내동, 세인프라자) "
고기를 굽다,"13595) 경기도 성남시 분당구 황새울로258번길 36 2층 201호(수내동, 광진프라자) "
동양정찬,"13595) 경기도 성남시 분당구 황새울로258번길 10-7 1층 105호(수내동, 가나프라자) "
세븐일레븐(수내본점),"13595) 경기도 성남시 분당구 백현로 97, 1층 110호 "
세븐일레븐(분당금호양지점),"13597) 경기도 성남시 분당구 수내로 74,상가동 102호, 103호 "
세븐일레븐(수내쉐르빌점),13595) 경기도 성남시 분당구 수내로 54 1층 102호 
오토김밥(수내점),13595) 경기도 성남시 분당구 황새울로258번길 43 (수내동) 310 
보쌈전문  인사동,13595) 경기도 성남시 분당구 황새울로200번길 26 (수내동) B1 인사동 
나지미돈부리,"13595) 경기도 성남시 분당구 황새울로200번길 32 (수내동) 101호(수내동, 삼라마이다스빌) "
제주몬트락(분당수내점),13595) 경기도 성남시 분당구 황새울로258번길 23 (수내동) 1층 101호 
스타벅스(수내로점),13595) 경기도 성남시 분당구 수내동 8-1 코아빌딩 
스타벅스(수내역점),13595) 경기도 성남시 분당구 수내동 17-1번지 1-2층 
스타벅스(수내점),13595) 경기도 성남시 분당구 수내동 10-1 분당트라팰리스 
스타벅스(수내역1번출구점),"13595) 경기도 성남시 분당구 수내동 6-8, 1~2층 "
맘맘테이블(분당직영점),13595) 경기도 성남시 분당구 황새울로214번길 8 (수내동) 1층 
신베테랑,"13595) 경기 성남시 분당구 백현로101번길 17, 1층 121호 수내동, 초림프라자 "
맥도날드(수내역점),13595) 경기도 성남시 분당구 백현로101번길 29 (수내동) 맥도날드(수내역) 
엘에이북창동순두부(분당수내점),"13595) 경기 성남시 분당구 황새울로258번길 10-7 201 수내동, 가나프라자 "
아날로그팟(수내점),"13595) 경기 성남시 분당구 황새울로258번길 36 108호(수내동, 광진빌딩) "
전주현대옥,13595) 경기도 성남시 분당구 백현로 97 수내동 다운타운
싸다김밥(분당수내역점),13595) 경기도 성남시 분당구 수내로46번길 26 (수내동) 1층 일부 
정샤브,13595) 경기도 성남시 분당구 황새울로214번길 8 1층 110호 
짬뽕지존(수내점),13595) 경기 성남시 분당구 수내로46번길 33 2층(수내동) 
GS25(분당수내본점),13595) 경기도 성남시 분당구 수내동 7-6번지 코리아나빌딩 116호 
GS25(분당코포모점),13595) 경기도 성남시 분당구 수내동 16-3번지 코포모빌딩 103호 
GS25(정자으뜸점),"13609) 경기도 성남시 분당구 백현로144번길 7-6, 1층 일부 (정자동 44-3) "
GS25(분당신성점),"13600) 경기도 성남시 분당구 돌마로366번길 40, 푸른마을상가 107,108,127호 (수내동 74) "
GS25(분당느티점),"13610) 경기도 성남시 분당구 느티로69번길 5, 1층 (정자동 66-13) "
GS25(분당푸른점),"13600) 경기도 성남시 분당구 돌마로 356번길 3, 107,108호 "
GS25(분당한솔마을점),13608) 경기도 성남시 분당구 백현로 234 한일아파트 상가 101호 
GS25(하우스빌점),13595) 경기도 성남시 분당구 수내동 23-1
오코게_KIOSK,"13595) 경기 성남시 분당구 황새울로200번길 9-7 (수내동, 현대판테온I오피스텔) 1층 106호 "
CU(분당수내역점),"13595) 경기도 성남시 분당구 황새울로214번길 8, 1층 108호(수내동,MS프라자) "
CU(수내파이낸스타워점),"13595) 경기도 성남시 분당구 황새울로 258번길 25, 1층 (수내동.수내파이낸스타워) "
CU(수내센티움점),"13595) 경기도 성남시 분당구 수내로 42, 1층 101-1호(수내동, 두산위브센티움2) "
CU(수내트라팰리스점),"13595) 경기도 성남시 분당구 황새울로 234,102호(수내동,분당트라팰리스) "
CU(분당정자중앙점),"13609) 경기도 성남시 분당구 백현로144번길 19-2, 1층(정자동) "
CU(수내푸른숲점),13601) 경기도 성남시 분당구 발이봉북로31번길 2 정일빌딩
CU(분당초림점),13595) 경기도 성남시 분당구 수내로46번길26  (수내동)
CU(정자플라워점),13609) 경기도 성남시 분당구 내정로119번길11-1  (정자동)
버거킹(분당수내점),13597) 경기도 성남시 분당구 내정로 167 
미식당,13597) 경기도 성남시 분당구 내정로165번길 38 금호행복시장 지하 1층 27호 미식당 
양지푸드_QR,"13597) 경기도 성남시 분당구 내정로173번길 11 (수내동, 양지마을) B1층 "
청년다방(수내역점),"13595) 경기도 성남시 분당구 백현로101번길 16 수내동, 대덕프라자 215호 "
오한수우육면가(수내점),13595) 경기도 성남시 분당구 수내로46번길 20 (수내동) 203호 
단가마감자탕,13595) 경기도 성남시 분당구 백현로101번길 16 대덕프라자
돈가스에미치다(수내점),"13595) 경기도 성남시 분당구 백현로101번길 11 1층 105호(수내동, 동현프라자)"
던킨도너츠(수내역점),13595) 경기도 성남시 분당구 백현로101번길 21 던킨도너츠 
더빨강,"13595) 경기 성남시 분당구 수내로46번길 20 101호(수내동, 맛자랑멋자랑) "
수중곳간,13595) 경기도 성남시 분당구 황새울로258번길 32 (수내동) 2층 201호 
샐러디(수내점),13595) 경기도 성남시 분당구 황새울로200번길 9-7 1층 
담소소사골순대육개장(분당점),"13595) 경기 성남시 분당구 수내로46번길 11 수내동, 대덕글로리 "
메가MGC커피(수내역점),13595) 경기도 성남시 분당구 황새울로258번길 32 
장홍규중화요리,"13595) 경기 성남시 분당구 수내로 42, 102호,103호,104호 수내동, 두산위브센티움2 "
후토루(분당수내점),13595) 경기도 성남시 분당구 황새울로200번길 9-7 1층 108호 
동경키친 슈,13595) 경기도 성남시 분당구 백현로101번길 17 (수내동) 2층 205호 
오리랑돼지랑(할매오삼구이),"13595) 경기 성남시 분당구 황새울로258번길 28 수내동, 한도회관빌딩 3층 "
블루핀 튜나,"13595) 경기도 성남시 분당구 황새울로200번길 28 오너스타워, 104호 "
GS25(분당정자타운점),13610) 경기도 성남시 분당구 정자동 59-6번지 
CU(뉴정자하나점),"13610) 경기도 성남시 분당구 황새울로116번길 14, 1호(정자동) "
홍짜장(판교파미어스점),13449) 경기도 성남시 수정구 창업로 17 (시흥동) 2층 
시나본(판교파미어스점),13449) 경기도 성남시 수정구 창업로 17 (시흥동) B동 지하1층103-1호(시흥동) 
콜렉티보 판교테크원점,13529) 경기도 성남시 분당구 분당내곡로 131  판교테크원타워 1층 콜렉티보
브루클린,13494) 경기도 성남시 분당구 대왕판교로 670 107호 유스페이스2
봉피양(판교점),"13494) 경기도 성남시 분당구 판교역로 235 121, 122호 삼평동, 에이치스퀘어 엔동 "
수작,13494) 경기도 성남시 분당구 대왕판교로 670  유스페이스2 B동 B115호 수작 
스튜디오지구,"13494) 경기도 성남시 분당구 대왕판교로 660 (삼평동) B116호 스튜디오지구 (지하1층, 유스페이스1)"
투고샐러드(판교유스페이스점),13494) 경기도 성남시 분당구 대왕판교로 660 (삼평동) 2층 230호 
그래비티 조선 서울 판교 조선델리,13529) 경기도 성남시 분당구 판교역로146번길 2 (백현동) 1층
됐소(판교점),"13494) 경기도 성남시 분당구 대왕판교로 670 (삼평동, 유스페이스2지하1층비101호) "
제이스팟,"13530) 경기도 성남시 분당구 판교역로 152, 알파돔타워3동 3층"
산골밥상족발,"13595) 경기 성남시 분당구 백현로101번길 16, 2층 214호 수내동, 대덕프라자 "
오레노카츠(판교점),"13492) 경기도 성남시 분당구 판교로 372 (삼평동) 104호, 105호"
피카하우스(판교점),13494) 경기도 성남시 분당구 판교역로 235 (삼평동)  104호 
맥도날드(오리역점),13636) 경기도 성남시 분당구 성남대로 45 (구미동) 맥도날드(오리역) 
공차(분당정자역점),"13558) 경기 성남시 분당구 성남대로311번길 3-3, 1층 114호 일부"
규돈(오리역점),"13636) 경기 성남시 분당구 성남대로 51 구미동, 분당포스빌오피스텔 1층 104호 "
춘천진미닭갈비,"13558) 경기도 성남시 분당구 성남대로331번길 13 2층 209호(정자동, 백궁프라자) "
가츠몽(정자점),13555) 경기도 성남시 분당구 성남대로 389 폴라리스빌딩2 
컴포즈커피(분당오리점),13636) 경기도 성남시 분당구 성남대로43번길 10 컴포즈커피(분당오리점) 
늘푸른목장(분당점),13558) 경기 성남시 분당구 성남대로331번길 13 정자동 
소요키친,13558) 경기도 성남시 분당구 성남대로331번길 11-15 (정자동) 2층 
맛있는천국,13636) 경기도 성남시 분당구 성남대로 51 (구미동) 1층 127호 
짱수양꼬치앤짬뽕,"13558) 경기도 성남시 분당구 성남대로331번길 13 (정자동) 102호,103호 "
짬뽕지존(오리역점),13637) 경기도 성남시 분당구 성남대로 36 (구미동) 상가 2층 
황금두꺼비부대찌개,"13558) 경기도 성남시 분당구 성남대로331번길 13 (정자동,백궁프라자(1) 201호) "
조이스키친,"13636) 경기 성남시 분당구 성남대로43번길 10 1층 104호(구미동, 하나EZ타워) "
호프호프,"13636) 경기 성남시 분당구 성남대로 51 118호(구미동, 포스빌118~119호) "
미담,"13558) 경기 성남시 분당구 성남대로331번길 9-13 정자동, 이현빌딩, 1층 "
파리바게뜨(분당정자역대로점),"13558) 경기도 성남시 분당구 성남대로 331번길 3-3, 108호, 109호(정자동) "
빽다방(오리역점)(오더),13637) 경기도 성남시 분당구 성남대로 34 (구미동) 1층 105호
빽다방(분당정자역점)(오더),13558) 경기도 성남시 분당구 성남대로331번길 13(정자동) 1층 108호 
중화요리 셰셰,"13636) 경기도 성남시 분당구 성남대로 51 구미동, 분당포스빌오피스텔 120호 "
바삭돈카츠,"13558) 경기도 성남시 분당구 성남대로331번길 13 1층 112호(정자동, 백궁프라자) "
바삭돈카츠(정자점)_TABLET,"13558) 경기도 성남시 분당구 성남대로331번길 13 1층 112호(정자동, 백궁프라자) "
명가,463870) 경기도 성남시 분당구 성남대로 51
진대감(분당점),13558) 경기도 성남시 분당구 성남대로331번길 3-10 1층 
빽다방(분당정자역점),13558) 경기 성남시 분당구 성남대로331번길 13 1층 108호 
포메인(오리역점),13636) 경기도 성남시 분당구 성남대로 51 (구미동) 1층 
현초밥,"13615) 경기도 성남시 분당구 성남대로171번길 9 금곡동, 골든벨리 109호 "
카페도란,"13636) 경기도 성남시 분당구 성남대로 51, 1층 구미동, 분당포스빌오피스텔 "
후라토식당 (분당정자점),13558) 경기도 성남시 분당구 성남대로331번길 13 (정자동) 2층 203호
유메노 키친,"13636) 경기도 성남시 분당구 성남대로 51, 116호(구미동, 분당포스빌오피스텔) "
부엉이공작소,"13636) 경기도 성남시 분당구 성남대로 51 1층 108호(구미동, 포스빌오피스텔) "
맛있는 초밥집,13558) 경기도 성남시 분당구 성남대로331번길 9-9 (정자동) 1층 104호 
카레코바,13558) 경기 성남시 분당구 성남대로331번길 9-12 정자동 
빽다방(오리역점),13637) 경기 성남시 분당구 성남대로 34 1층 105호
써브웨이(분당정자점),13558) 경기도 성남시 분당구 성남대로 331번길 13 
어반,"13637) 경기 성남시 분당구 성남대로 38 201호(구미동, 케이엔에프코퍼레이션) "
누루(분당정자점),13555) 경기도 성남시 분당구 성남대로 389 폴라리스2빌딩 107호 누루 
7곡 제면소(분당점),13636) 경기도 성남시 분당구 성남대로43번길 10 하나EZ타워
매머드익스프레스(오리역하나EZ타워점),"13636) 경기도 성남시 분당구 성남대로43번길 10, 110호 "
바름,13630) 경기도 성남시 분당구 성남대로 151 (구미동) 114-1호 
한소헌,"13558) 경기도 성남시 분당구 성남대로331번길 3-3 2층 206호(정자동, 젤존타워3) "
삼미당(정자점)_KIOSK,"13558) 경기 성남시 분당구 성남대로343번길 12-8 1층 104호(정자동,미주프라자)"
써브웨이(분당오리역점),13636) 경기도 성남시 분당구 성남대로 43번길 10 
남원추어탕 추담골,"13636) 경기 성남시 분당구 성남대로43번길 10 구미동, 하나EZ타워 212호, 213호 "
별미_KIOSK,"13636) 경기 성남시 분당구 성남대로 51, 114호(구미동, 포스빌)"
롯데리아(정자역점),13558) 경기 성남시 분당구 성남대로331번길 11-3 여민빌딩 5비 
할매순대국(서현점),13590) 경기도 성남시 분당구 황새울로351번길 10 (서현동) 1층 
훅트포케(판교제2테크노밸리점),13449) 경기도 성남시 수정구 창업로 43 1층 훅트포케 판교제2테크노밸리점 
오븐마루엔 일품양평해장국(상대원점)_QR,13217) 경기도 성남시 중원구 갈마치로 215 (상대원동) 지하1층 109호 
멘야카오리(분당정자점),13559) 경기도 성남시 분당구 성남대로 295 (정자동) 107호 
하코야(판교우림점),13486) 경기도 성남시 분당구 판교로255번길 9-22 (삼평동) 2층 
해탄(서현역점),"13591) 경기도 성남시 분당구 황새울로360번길 22 (서현동) 1층 104,105,106,107,108호 "
에콥샐러드,13595) 경기도 성남시 분당구 황새울로258번길 29 1층 
컴포즈커피(분당정자역사거리점),13555) 경기도 성남시 분당구 느티로 27 1층 102호 
봄날에청국장,"13555) 경기도 성남시 분당구 정자일로 210 (정자동, 동양정자파라곤) 제1단지상가 지하102호"
미스터 스시,"13556) 경기도 성남시 분당구 정자일로213번길 10 (정자동, 성원상떼뷰리젠시) 101동 102호"
나무김밥,"13558) 경기도 성남시 분당구 느티로 22 (정자동, 백궁동양파라곤) 102호"
피슈마라홍탕(정자역점),13555) 경기도 성남시 분당구 느티로 27 (정자동) 2층 204호 
파리바게뜨(정자카페점),"13555) 경기도 성남시 분당구 정자일로 220 (정자동, 동양정자파라곤) 1층 제2단지 상가 108호 "
김영희동태찜&코다리냉면(수내점),"13595) 경기 성남시 분당구 수내로 42 수내동, 두산위브센티움2 202호, 203호 "
닐리파스타앤피자,"13555) 경기 성남시 분당구 정자일로 210 정자동, 동양정자파라곤 "
최가돈까스,"13555) 경기 성남시 분당구 정자일로 210 정자동, 동양정자파라곤 지하1층 "
우키샌드위치(분당서현점)_KIOSK,"13590) 경기 성남시 분당구 서현로 192 ,1층 106호(서현동,야베스벨리) "
오이소,13493) 경기도 성남시 분당구 판교역로 230 (삼평동) 지하1층 
요리에진심,"13489) 경기도 성남시 분당구 판교로 375 (삼평동, 에메트타운) 1층 101호 요리에진심 "
하이라이트키친(판교점),"13488) 경기도 성남시 분당구 판교로319번길 14 (삼평동, 성남판교 경기행복주택) 상가동 1층 9호 "
삼군 김치찌개,"13493) 경기도 성남시 분당구 판교역로 230 B동 B117호(삼평동, 삼환하이펙스) "
소호정,13494) 경기도 성남시 분당구 삼평동 682
바다애,13595) 경기도 성남시 분당구 수내로46번길 11 (수내동) 2층 207호 
김삿갓 고깃집,13558) 경기도 성남시 분당구 성남대로331번길 9-15 (정자동) 1층 
훅트포케 (정자점),13558) 경기도 성남시 분당구 정자일로156번길 6 2층 
폭스트롯(FOXTROT),13493) 경기도 성남시 분당구 판교역로 230 (삼평동) 삼환하이펙스 B동114호 
키친박스,13486) 경기도 성남시 분당구 판교로227번길 6 (삼평동) 1층 
늘푸른 생선구이,"13530) 경기도 성남시 분당구 판교역로 145 (백현동, 알파리움2단지) 1층 "
도리토리(분당수내점),"13595) 경기도 성남시 분당구 황새울로258번길 10-9 (수내동) 106호(수내동,영성라벤더) "
신제주해장국(판교점),13493) 경기도 성남시 분당구 판교역로 240 (삼평동) B-107호 
샤브로21(서현점)_QR,13591) 경기도 성남시 분당구 황새울로312번길 20 (서현동) 1층 104~105호 
"오늘은,뷔페",13591) 경기도 성남시 분당구 분당로53번길 9 (서현동) 2층 
스시선,"13489) 경기도 성남시 분당구 판교로 375 (삼평동, 메가스페이스1) 105호 "
포케올데이(서현역점),13591) 경기도 성남시 분당구 황새울로360번길 28 (서현동)  2층 206호 
나나방콕(정자점),"13560) 경기도 성남시 분당구 정자일로 121 (정자동, 더샵스타파크) D동 1층 1,2호 "
정통마라탕(수내점),"13595) 경기도 성남시 분당구 백현로101번길 20 (수내동) 1층 107호, 108호 "
써브웨이(판교테크노밸리점),13494) 경기도 성남시 분당구 대왕판교로 670 (삼평동) 1층 119호 
샐러드박스(수내점),"13595) 경기도 성남시 분당구 황새울로 258번길 36 1층 106호(수내동, 광진빌딩) "
김밥나라(롯데점)_QR,13595) 경기도 성남시 분당구 황새울로258번길 36 (수내동) 1층 김밥나라 
긴자료코(분당수내점)_KIOSK,"13595) 경기도 성남시 분당구 황새울로258번길 10-9 , 1층 102호(수내동, 영성라벤더)"
슬로우캘리(분당정자점),13559) 경기도 성남시 분당구 정자일로 146 1층 A118호 
이자카야 단,13494) 경기도 성남시 분당구 대왕판교로 660 (삼평동) 1층 
토리키치(판교점),"13494) 경기도 성남시 분당구 대왕판교로 660 (삼평동) 2층 213호(삼평동,유스페이스1) "
오투닭갈비부대찌개(판교점),"13494) 경기 성남시 분당구 대왕판교로 670 삼평동, 유스페이스2 223호 "
미소,13486) 경기도 성남시 분당구 판교로255번길 9-22 (삼평동) 212호 미소 
피크니크(판교파미어스몰점)_QR,13449) 경기도 성남시 수정구 창업로 18 (시흥동) 파미어스몰 C1동 1층 111호
양우정,13558) 경기도 성남시 분당구 정자일로156번길 6 (정자동) 1층 
파리바게뜨(분당오리),13637) 경기도 성남시 분당구 성남대로 30 (구미동) 1층 파리바게뜨 
GS25(분당수내로점),"13595) 경기도 성남시 분당구 수내로46번길 11, 1층 118호 (수내동 7-1, 대덕글로리) "
멘츠루(서현점),"13591) 경기도 성남시 분당구 서현로210번길 14 1층 110호, 111호 "
후라토식당(분당정자점),13558) 경기도 성남시 분당구 성남대로331번길 13 2층 203호 
오코게,13595) 경기도 성남시 분당구 황새울로200번길 9-7 (수내동) 1층 
카페비비_QR,13211) 경기도 성남시 중원구 사기막골로62번길 33 (상대원동) R103호 
센터간식,13211) 경기도 성남시 중원구 사기막골로62번길 33 (상대원동) 지하1층 RB104호 
맛있는집밥,13211) 경기도 성남시 중원구 사기막골로62번길 37 (상대원동) B204호 
빽다방(성남상대원센터M점),13211) 경기도 성남시 중원구 사기막골로62번길 33 RB210호 
더벤티(상대원센터엠점),13211) 경기도 성남시 중원구 사기막골로62번길 33(상대원동) 센터엠 RB209 더벤티(상대원센터엠점) 
지강스시,13211) 경기도 성남시 중원구 사기막골로62번길 33 (상대원동) RB105호 
김밥과친구들_QR,13217) 경기도 성남시 중원구 갈마치로 215 (상대원동) 1층 에이 104호 
참돈_QR,13217) 경기도 성남시 중원구 갈마치로 215 (상대원동) A동 109호 
수유리우동집(성남상대원센터엠점)_QR,"13211) 경기도 성남시 중원구 사기막골로62번길 33 (상대원동) 지하2층 RB203,204호 "
국밥공방,13494) 경기도 성남시 분당구 판교역로 231 에스동 비1층 비101호 
조림집동미,13590) 경기도 성남시 분당구 황새울로335번길 8 (서현동) 101호 
인순이네,13588) 경기도 성남시 분당구 중앙공원로39번길 49 (서현동) 1층 122호( 지엔느오피스텔) 
감성쭈꾸미(분당본점),13590) 경기도 성남시 분당구 황새울로351번길 10 (서현동) 106호 
돗가비불쭈꾸미,13449) 경기도 성남시 수정구 창업로 43 (시흥동)  A동 1층 3호 
텐퍼센트커피(판교제2테크노밸리점),13449) 경기도 성남시 수정구 창업로 55 (시흥동) 1층 103호 
해담가_QR,13449) 경기도 성남시 수정구 창업로 17 (시흥동) A동 107호 
그라츠커피랩(판교파미어스몰점)_QR,13449) 경기도 성남시 수정구 창업로 18 (시흥동) 1층 119호 
판교감자탕보쌈,13449) 경기도 성남시 수정구 창업로 42 (시흥동) 지하 1층 B114호 
양파식당(플러스양파),13595) 경기도 성남시 분당구 황새울로 216 (수내동) 지하1층 
율 판교점,13494) 경기도 성남시 분당구 대왕판교로 660 (삼평동) b112호
블루샥(판교알파돔점),"13529) 경기도 성남시 분당구 판교역로 152 B1층 101호(백현동, 알파돔타워) "
함박엔피자,"13494) 경기도 성남시 분당구 대왕판교로 660 비동 4층 401호(삼평동, 유스페이스1) "
막내쌈밥,13595) 경기도 성남시 분당구 황새울로258번길 28 (수내동) 1층 
한촌설렁탕(판교테크노밸리점),"13494) 경기도 성남시 분당구 판교역로 231 (삼평동) B129,130호(삼평동, 에이치스퀘어 에스동) "
카츠쇼쿠도우,"13529) 경기도 성남시 분당구 판교역로 152 B1층 9호(백현동, 알파돔타워) "
지콤마 카페,"13494) 경기도 성남시 분당구 대왕판교로 660 지하1층 비103, 비104, 비 105호 (삼평동 유스페이스1) "
영심이떡볶이김밥,13595) 경기도 성남시 분당구 백현로101번길 13 (수내동) 1층 
한점의희열 수내돈,13595) 경기도 성남시 분당구 백현로101번길12 2층204호 
제철생선,"13494) 경기도 성남시 분당구 대왕판교로 660 비동 4층 401호(삼평동, 유스페이스1) "
레드포테이토,"13494) 경기도 성남시 분당구 대왕판교로 660 비동 4층 401호(삼평동, 유스페이스1) "
밥볶다(동판교점),"13493) 경기도 성남시 분당구 판교역로 240 (삼평동) 지하1층 B115호, B115-1호 "